Division,Last or Company Name,First Name,Extended Name,Stock# Make (Long),Stock# Model (Long),Stock# Description,Stock# Serial Number,Document#,Document Code,Document Type (W/S/Q),Document Status (O/R/C/k=Cancelled),Document (Charge=R / Cash=S),Date Opened (CCYYMMDD),Date Opened,Days since Opened (Today-Opened),Date Closed/Printed (CCYYMMDD),Date Closed/Printed,Days to Close (Closed-Opened),Days since Closed (Today-Closed),Document Sold By Address#,Document Sold By Name,Document PO#,Document Amount (Parts),Document Amount (Labor),Document Amount (Other),Document Amount (Total),WIP Reason Open Code,WIP Reason Open Code Descr.,WIP Non-Revenue? (Y=Yes),WIP Start Date (CCYYMMDD),WIP Start Date,WIP Last Punch Date (CCYYMMDD),WIP Last Punch Date,WIP Last Punch Days to Close (Closed - Last Punch),WIP First Punch Days to Open (First Punch - Open Date),Total Reported Hrs (HHMMSS),Total Billed Hrs (HHMMSS),Work Order: Warranty Code,Work Order: Make (Short),Work Order: Make (Long),Work Order: Model (Short),Work Order: Model (Long),Work Order: Serial Number,Work Order: Hour Meter,Work Order: Unit Year (CCYY),Work Order: Int. flag (A/S),Work Order: Int. Addrs#/Stk#,Work Order: Int. Cust. Name,Work Order: Int. Stk# Make (Short),Work Order: Int. Stk# Make (Long),Work Order: Int. Stk# Model (Short),Work Order: Int. Stk# Model (Long),Work Order: Int. Stk# Descr.,Work Order: Int. Stk# Serial#,Work Order: Warr. Addrs#,Work Order: Warr. Name,Work Order: Customer Unit#,Work Order: Fleet Svc flag,Work Order: Flt Svc (CCYYMMDD),Work Order: Flt Svc Date
M,MATHIEW,MIKE,,,,,,WM52889,W,W,C,S,20260103,01/03/2026,116,20260109,01/09/2026,7,110,BRYAN,SOLD BY BRYAN SMITH,S/B,0,44.18,0,44.18,,,,20260105,01/05/2026,20260105,01/05/2026,4,2,0.34,0.34,00,TORO,TORO,37798,37798,416443667,0,20,,,,,,,,,,080100,TORO LAWNBOY ( WARRANTY),,N,0,
S,D & D COMMERCIAL PROPERTY,,ED DE CLOET,,,,,WS19499,W,W,C,R,20260105,01/05/2026,114,20260210,02/10/2026,37,78,STEW,SOLD BY STEWART BROOKS,WARRANTY,83.85,129.66,7.3,220.81,,,,20260105,01/05/2026,20260105,01/05/2026,36,0,3.7,3.7,00,KUBOTA,KUBOTA,LX2620HS1,LX2620HSDCC,KBUBFAHCTR1A10521,428,2024,S,87082,,KUBOTA,KUBOTA,LX2620HS1,LX2620HSDCC,CAB TRACTOR,KBUBFAHCTR1A10521,080055,KUBOTA WARRANTY GL M10855,,N,0,
M,THAMES VALLEY DISTRICT SCHOOL BOARD,,,,,,,WM52892,W,W,C,R,20260105,01/05/2026,114,20260129,01/29/2026,25,90,BRYAN,SOLD BY BRYAN SMITH,WARRANTY 37805,0,0,0,0,,,,20260107,01/07/2026,20260114,01/14/2026,15,2,2.31,2.31,00,TORO,TORO,37805,37805,418014196,0,2025,S,91679,,TORO,TORO,37799,37799,SNOWBLOWER,418014196,080100,TORO LAWNBOY ( WARRANTY),,N,0,
S,COLBORNE PROPERTY HOLDINGS,,,,,,,WS19501,W,W,C,R,20260105,01/05/2026,114,20260408,04/08/2026,94,21,BA,SOLD BY BRIAN APFELBECK,WARRANTY SBL2566,0,0,0,0,,,,20260105,01/05/2026,20260105,01/05/2026,93,0,2.31,2.31,01,KUBOTA,KUBOTA,AP-SBL256,AP-SBL2566,1179655K,0,2025,A,S05102,INT-S-WARRANTY,,,,,,,080055,KUBOTA WARRANTY GL M10855,,N,0,
S,,,,KUBOTA,M5-111HDCC24,TRACTOR,KBUM4EDCAP8L70149,WS19508,W,W,C,R,20260105,01/05/2026,114,20260202,02/02/2026,29,86,STEW,SOLD BY STEWART BROOKS,CHIPPEWA/NICK,1395.43,2160,0,3555.43,,,,20260120,01/20/2026,20260127,01/27/2026,6,15,18.93,17.5,00,KUBOTA,KUBOTA,M5111HDCC,M5-111HDCC24,KBUM4EDCAP8L70149,0,2025,,,,,,,,,,090200,MISCELLANCE WARRANTY,,N,0,
S,D & D COMMERCIAL PROPERTY,,ED DE CLOET,,,,,WS19516,W,W,C,R,20260106,01/06/2026,113,20260202,02/02/2026,28,86,ADAM,SOLD BY ADAM MASON,L6060,0,0,0,0,,,,20260106,01/06/2026,20260112,01/12/2026,21,0,13.35,11,01,KUBOTA,KUBOTA,L6060HST1,L6060HSTCC-1,KBUL5FHCCM8J51895,1938.8,2022,S,77983,,KUBOTA,KUBOTA,L6060HST1,L6060HSTCC-1,TRACTOR,KBUL5FHCCM8J51895,080055,KUBOTA WARRANTY GL M10855,,N,0,
S,JOHNSTONE PROPERTY MAINTENAN,,,,,,,WS19520,W,W,C,S,20260106,01/06/2026,113,20260122,01/22/2026,17,97,ADAM,SOLD BY ADAM MASON,L6060 WARRANTY,0,0,0,0,,,,20260107,01/07/2026,20260107,01/07/2026,15,1,1.49,1.49,01,KUBOTA,KUBOTA,L6060HST1,L6060HSTCC-1,KBUL5FHCJS8G57281,22,2025,S,91293,,KUBOTA,KUBOTA,L6060HST1,L6060HSTCC-1,TRACTOR,KBUL5FHCJS8G57281,080055,KUBOTA WARRANTY GL M10855,,N,0,
S,JOHNSTONE PROPERTY MAINTENAN,,,,,,,WS19521,W,W,C,S,20260106,01/06/2026,113,20260122,01/22/2026,17,97,ADAM,SOLD BY ADAM MASON,WARRANTY LIGHTS,0,0,0,0,,,,20260107,01/07/2026,20260107,01/07/2026,15,1,2.01,2.01,01,KUBOTA,KUBOTA,L4060HSTC,L4060HSTCC,KBUL5BHCLR8L54734,104,2025,S,91624,,KUBOTA,KUBOTA,L4060HSTC,L4060HSTCC,TRACTOR,KBUL5BHCLR8L54734,080055,KUBOTA WARRANTY GL M10855,,N,0,
M,VANDERMOLEN HOME,,,,,,,WM52906,W,W,C,S,20260106,01/06/2026,113,20260323,03/23/2026,77,37,BRYAN,SOLD BY BRYAN SMITH,WARRANTY BR600,0,0,0,0,,,,0,,0,,0,0,0,0,00,STIHL,STIHL,BR600,BR600,541868576,0,2024,S,88751,,STIHL,STIHL,BR600,BR600,BLOWER,541868576,080700,STIHL WARRANTY,,N,0,
S,GOERTZ FARM SYSTEMS LTD.,,,,,,,WS19524,W,W,C,R,20260107,01/07/2026,112,20260122,01/22/2026,16,97,STEW,SOLD BY STEWART BROOKS,WARRANTY MS560-C,0,0,0,0,,,,20260108,01/08/2026,20260119,01/19/2026,3,1,5.48,5.48,00,BAUMALI,BAUMALIGHT,MS560-C54,MS560-C540,BL1019248,0,2025,S,89236,,BAUMALI,BAUMALIGHT,MS560-C54,MS560-C540,MULCHER,BL1019248,090200,MISCELLANCE WARRANTY,,N,0,
M,THE HOME DEPOT,,,,,,,WM52908,W,W,C,S,20260107,01/07/2026,112,20260203,02/03/2026,28,85,BRYAN,SOLD BY BRYAN SMITH,WARRANTY U17,0,0,0,0,,,,20260119,01/19/2026,20260119,01/19/2026,15,12,3.47,3.47,00,KUBOTA,KUBOTA,U17-HGS,U17-HGS,KBCAZ24CCP3A57901,567.4,20,,,,,,,,,,080055,KUBOTA WARRANTY GL M10855,,N,0,
S,,,,KUBOTA,RTV-X2,RTV,A5KP1HDBJRG013760,WS19529,W,W,C,R,20260107,01/07/2026,112,20260204,02/04/2026,29,84,ADAM,SOLD BY ADAM MASON,WARRANTY RTV-X2,0,0,0,0,,,,20260107,01/07/2026,20260108,01/08/2026,27,0,1.53,1.53,00,KUBOTA,KUBOTA,RTV-X2,RTV-X2,A5KP1HDBJRG013760,0,2024,,,,,,,,,,080055,KUBOTA WARRANTY GL M10855,,N,0,
S,JOHNSTONE PROPERTY MAINTENAN,,,,,,,WS19531,W,W,C,S,20260107,01/07/2026,112,20260122,01/22/2026,16,97,STEW,SOLD BY STEWART BROOKS,WARRANTY L6060,0,0,0,0,,,,20260107,01/07/2026,20260107,01/07/2026,15,0,1.51,1.51,01,KUBOTA,KUBOTA,L6060HST1,L6060HSTCC-1,KBUL5FHCCR8G56426,284,2024,S,89164,,KUBOTA,KUBOTA,L6060HST1,L6060HSTCC-1,TRACTOR,KBUL5FHCCR8G56426,080055,KUBOTA WARRANTY GL M10855,,N,0,
S,TOTAL LANDSCAPING,,,,,,,WS19541,W,W,C,R,20260109,01/09/2026,110,20260323,03/23/2026,74,37,STEW,SOLD BY STEWART BROOKS,WARRANTY M7-171P,0,0,0,0,,,,20260213,02/13/2026,20260213,02/13/2026,38,35,1,0.8,00,KUBOTA,KUBOTA,M7-171PKV,M7-171PKVT,10062,2213,20,S,66516,,KUBOTA,KUBOTA,M7-171PKV,M7-171PKVT,TRACTOR,10062,080055,KUBOTA WARRANTY GL M10855,,N,0,
S,TOTAL LANDSCAPING,,,,,,,WS19542,W,W,C,R,20260109,01/09/2026,110,20260323,03/23/2026,74,37,STEW,SOLD BY STEWART BROOKS,WARRANTY M7-171P,0,0,0,0,,,,20260213,02/13/2026,20260213,02/13/2026,38,35,2.91,2.5,00,KUBOTA,KUBOTA,M7-171PKV,M7-171PKVT,10062,0,20,S,66516,,KUBOTA,KUBOTA,M7-171PKV,M7-171PKVT,TRACTOR,10062,080055,KUBOTA WARRANTY GL M10855,,N,0,
S,SELECT EXCAVATING INC.,,,,,,,WS19550,W,W,O,S,20260109,01/09/2026,110,0,,0,0,ADAM,SOLD BY ADAM MASON,WARRANTY -XG850,106.53,0,0,106.53,,,,0,,0,,0,0,0,0,01,KUBOTA,KUBOTA,RTV-XG850,RTV-XG850,A5KH1RGNJRG054082,0,2024,S,85922,,KUBOTA,KUBOTA,RTV-XG850,RTV-XG850,RTV,A5KH1RGNJRG054082,080055,KUBOTA WARRANTY GL M10855,,N,0,
S,BASSON,MIKE,,,,,,WS19551,W,W,C,S,20260109,01/09/2026,110,20260116,01/16/2026,8,103,STEW,SOLD BY STEWART BROOKS,WARRANTY B2601,0,0,0,0,,,,20260110,01/10/2026,20260112,01/12/2026,4,1,6.19,3.94,01,KUBOTA,KUBOTA,B2601HSD,B2601HSD,59150,1121.5,2017,S,58472,,KUBOTA,KUBOTA,B2601HSD,B2601HSD,TRACTOR,59150,080055,KUBOTA WARRANTY GL M10855,,N,0,
S,KEATS LAWNCARE,,,,,,,WS19552,W,W,C,S,20260110,01/10/2026,109,20260114,01/14/2026,5,105,STEW,SOLD BY STEWART BROOKS,WARRANTY,0,0,0,0,,,,20260109,01/09/2026,20260109,01/09/2026,5,-1,1.49,1.49,01,KUBOTA,KUBOTA,L4060HSTC,L4060HSTCC,KBUL5BHCCP8A52137,154,2023,S,83175,,KUBOTA,KUBOTA,L4060HSTC,L4060HSTCC,TRACTOR,KBUL5BHCCP8A52137,080055,KUBOTA WARRANTY GL M10855,,N,0,
S,LONDON SNOWPLOW & LANDSCAPE,,2482739 ONTARIO,,,,,WS19558,W,W,C,R,20260112,01/12/2026,107,20260202,02/02/2026,22,86,ADAM,SOLD BY ADAM MASON,UNIT #2,0,0,0,0,,,,20260113,01/13/2026,20260113,01/13/2026,20,1,8.09,5.24,01,KUBOTA,KUBOTA,L6060HST1,L6060HSTCC-1,KBUL5FHCHP8L55260,303,20,S,86027,,KUBOTA,KUBOTA,L6060HST1,L6060HSTCC-1,TRACTOR,KBUL5FHCHP8L55260,080055,KUBOTA WARRANTY GL M10855,UNIT# 2,N,0,
S,HODGINS CUSTOM SERVICE LTD.,,,,,,,WS19559,W,W,O,R,20260112,01/12/2026,107,0,,0,0,STEW,SOLD BY STEWART BROOKS,SERVICE CALL,0,430.3,192.1,622.4,,,,20260115,01/15/2026,20260116,01/16/2026,0,3,2.24,2.24,00,KUBOTA,KUBOTA,SVL75-3,SVL75-3,KBCZ053CHP1M19806,422,2024,S,87244,,KUBOTA,KUBOTA,SVL75-3,SVL75-3,SKIDSTEER,KBCZ053CHP1M19806,080055,KUBOTA WARRANTY GL M10855,,N,0,
S,ROELOFS,WES,,,,,,WS19564,W,W,C,S,20260113,01/13/2026,106,20260331,03/31/2026,78,29,STEW,SOLD BY STEWART BROOKS,WARRANTY Z781KW,0,0,0,0,,,,20260203,02/03/2026,20260213,02/13/2026,46,21,12.78,12.78,00,KUBOTA,KUBOTA,Z781KWTI-,Z781KWTI-60,KBGHGDC0ERGL25562,80.4,2024,S,89024,,KUBOTA,KUBOTA,Z781KWTI-,Z781KWTI-60,TRACTOR,KBGHGDC0ERGL25562,080055,KUBOTA WARRANTY GL M10855,,N,0,
S,D & D COMMERCIAL PROPERTY,,ED DE CLOET,,,,,WS19565,W,W,C,R,20260113,01/13/2026,106,20260327,03/27/2026,74,33,STEW,SOLD BY STEWART BROOKS,WARRANTY LX2610,0,0,0,0,,,,20260113,01/13/2026,20260204,02/04/2026,51,0,32.92,29.42,00,KUBOTA,KUBOTA,LX2610HS1,LX2610HSDCC,KBUB8AHCVP1L36332,766,2024,S,86036,,KUBOTA,KUBOTA,LX2610HS1,LX2610HSDCC,TRACTOR,KBUB8AHCVP1L36332,080055,KUBOTA WARRANTY GL M10855,,N,0,
M,WOOD,TOM,,,,,,WM52932,W,W,C,S,20260113,01/13/2026,106,20260420,04/20/2026,98,9,AVB,ANDREW VAN BOMMEL,WARRANTY 37771,0,0,0,0,,,,0,,0,,0,0,0,0,00,TORO,TORO,37771,37771,314006608,0,2013,S,47398,,TORO,TORO,37771,37771,SNOWBLOWER,314006608,080100,TORO LAWNBOY ( WARRANTY),,N,0,
S,TENDER LAWN CARE LTD.,,,,,,,WS19574,W,W,C,R,20260115,01/15/2026,104,20260121,01/21/2026,7,98,ADAM,SOLD BY ADAM MASON,WARRANTY,0,0,0,0,,,,20260115,01/15/2026,20260115,01/15/2026,6,0,2.49,2.49,00,KUBOTA,KUBOTA,L3560HSTC,L3560HSTCC,KBUL5AHCCM8G51570,585,2021,S,75587,,KUBOTA,KUBOTA,L3560HSTC,L3560HSTCC,TRACTOR,KBUL5AHCCM8G51570,080055,KUBOTA WARRANTY GL M10855,,N,0,
S,ARBOURDALE MEADOWS,,F & B ROSS HOLDINGS INC.,,,,,WS19637,W,W,C,R,20260115,01/15/2026,104,20260122,01/22/2026,8,97,STEVE,SOLD BY STEVE,SERVCIE CALL,0,205.55,0,205.55,,,,20260115,01/15/2026,20260115,01/15/2026,7,0,1.07,1.07,01,,,,,,0,20,,,,,,,,,,080055,KUBOTA WARRANTY GL M10855,,N,0,
S,D SPECTRA INC.,,,,,,,WS19587,W,W,O,R,20260115,01/15/2026,104,0,,0,0,STEVE,SOLD BY STEVE,WARRANTY W96P-4,13.61,80.51,0,94.12,,,,20260115,01/15/2026,20260115,01/15/2026,0,0,0.57,0.57,01,ARCTIC,ARCTIC,W96P-4-X,W96P-4-X,541497110003,0,2025,S,91279,,ARCTIC,ARCTIC,W96P-4-X,W96P-4-X,PLOW,541497110003,023406,ARCTIC EQUIPMENT WARRANTY,,N,0,
M,FOTHERINGHAM,BROOKS,,,,,,WM52954,W,W,C,S,20260115,01/15/2026,104,20260420,04/20/2026,96,9,BRYAN,SOLD BY BRYAN SMITH,WARRANTY 39921,0,0,0,0,,,,20260119,01/19/2026,20260123,01/23/2026,87,4,2.29,2.29,00,TORO,TORO,39921,39921,416315408,0,2024,S,87961,,TORO,TORO,39921,39921,SNOWBLOWER,416315408,080100,TORO LAWNBOY ( WARRANTY),,N,0,
M,DE FEHR,DARYL,,,,,,WM52955,W,W,O,S,20260115,01/15/2026,104,0,,0,0,BRYAN,SOLD BY BRYAN SMITH,WARRANTY S/B,278.91,409.63,0,688.53,,,,20260127,01/27/2026,20260202,02/02/2026,0,12,2.9,2.9,00,CRAFTSMAN,CRAFTSMAN,31AS6K1EB,31AS6K1EB93,1J11PB80261,0,20,,,,,,,,,,090200,MISCELLANCE WARRANTY,,N,0,
S,APFELBECK,BRIAN,,,,,,WS19589,W,W,C,R,20260116,01/16/2026,103,20260423,04/23/2026,98,6,BA,SOLD BY BRIAN APFELBECK,WARRANTY 39921,0,0,0,0,,,,20260120,01/20/2026,20260205,02/05/2026,77,4,2.8,2.8,00,TORO,TORO,39921,39921,416315404,0,2024,S,87957,,TORO,TORO,39921,39921,SNOWBLOWER,416315404,080100,TORO LAWNBOY ( WARRANTY),,N,0,
S,TENDER LAWN CARE LTD.,,,,,,,WS19592,W,W,C,R,20260116,01/16/2026,103,20260202,02/02/2026,18,86,STEVE,SOLD BY STEVE,K93,0,0,0,0,,,,20260117,01/17/2026,20260117,01/17/2026,16,1,4.52,4.52,01,KUBOTA,KUBOTA,L3560HSTC,L3560HSTCC,KBUL5AHCJN8J54449,850,2022,S,81948,,KUBOTA,KUBOTA,L3560HSTC,L3560HSTCC,TRACTOR,KBUL5AHCJN8J54449,080055,KUBOTA WARRANTY GL M10855,,N,0,
M,GARDINER,PAUL,,,,,,WM52957,W,W,C,S,20260116,01/16/2026,103,20260420,04/20/2026,95,9,AVB,ANDREW VAN BOMMEL,WARRANTY 37805,0,0,0,0,,,,0,,0,,0,0,0,0,00,TORO,TORO,37805,37805,417960896,0,20,S,87908,,TORO,TORO,37805,37805,SNOWBLOWER,417960896,080100,TORO LAWNBOY ( WARRANTY),,N,0,
S,D & D COMMERCIAL PROPERTY,,ED DE CLOET,,,,,WS19593,W,W,O,R,20260116,01/16/2026,103,0,,0,0,STEVE,SOLD BY STEVE,WARRANTY LX2620,1698.02,1246.73,5.65,2950.4,,,,20260116,01/16/2026,20260116,01/16/2026,0,0,6.49,6.49,01,KUBOTA,KUBOTA,LX2620HS1,LX2620HSDCC,KBUBFAHCJR1H14805,0,2024,S,88823,,KUBOTA,KUBOTA,LX2620HS1,LX2620HSDCC,CAB TRACTOR,KBUBFAHCJR1H14805,080055,KUBOTA WARRANTY GL M10855,,N,0,
M,TENDER LAWN CARE LTD.,,,,,,,WM52963,W,W,C,R,20260116,01/16/2026,103,20260420,04/20/2026,95,9,BRYAN,SOLD BY BRYAN SMITH,WARRANTY L3560,0,0,0,0,,,,20260116,01/16/2026,20260123,01/23/2026,87,0,22.36,22.36,00,KUBOTA,KUBOTA,L3560HSTC,L3560HSTCC,KBUL5AHCTN8C53545,704.2,2022,S,79460,,KUBOTA,KUBOTA,L3560HSTC,L3560HSTCC,TRACTOR,KBUL5AHCTN8C53545,080055,KUBOTA WARRANTY GL M10855,,N,0,
M,VANOS,JAMES,,,,,,WM52964,W,W,C,S,20260116,01/16/2026,103,20260120,01/20/2026,5,99,BRYAN,SOLD BY BRYAN SMITH,WARRANTY BR600,0,0,0,0,,,,20260119,01/19/2026,20260119,01/19/2026,1,3,0.9,0.9,00,STIHL,STIHL,BR800C,BR800C,547451682,0,20,,,,,,,,,,080700,STIHL WARRANTY,,N,0,
S,,,,KUBOTA,L4760HSTCC,TRACTOR,KBUL5CHCCR8H44956,WS19596,W,W,C,R,20260116,01/16/2026,103,20260204,02/04/2026,20,84,STEVE,SOLD BY STEVE,LARRY/EDGE,7921.72,1282.5,94.5,9298.72,,,,20260120,01/20/2026,20260127,01/27/2026,8,4,11.69,10,00,KUBOTA,KUBOTA,L4760HSTC,L4760HSTCC,KBUL5CHCCR8H44956,1.8,2025,,,,,,,,,,080055,KUBOTA WARRANTY GL M10855,,N,0,
S,,,,KUBOTA,M6-111DTCC-F-1,TRACTOR,KBUMHBPCCR1G30656,WS19608,W,W,C,R,20260119,01/19/2026,100,20260226,02/26/2026,39,62,STEW,SOLD BY STEWART BROOKS,WARRANTY M6-111,0,0,0,0,,,,20260225,02/25/2026,20260225,02/25/2026,1,37,1.26,1.26,00,KUBOTA,KUBOTA,M6-111DT1,M6-111DTCC-F-1,KBUMHBPCCR1G30656,227,20,,,,,,,,,,080055,KUBOTA WARRANTY GL M10855,,N,0,
S,,,,KUBOTA,M6-111DTCC-F-1,TRACTOR,KBUMHBPCJR1G30655,WS19609,W,W,O,R,20260119,01/19/2026,100,0,,0,0,STEW,SOLD BY STEWART BROOKS,WARRANTY M6-111,0,230.52,0,230.52,,,,20260421,04/21/2026,20260421,04/21/2026,0,92,1.2,1.2,00,KUBOTA,KUBOTA,M6-111DT1,M6-111DTCC-F-1,KBUMHBPCJR1G30655,0,20,,,,,,,,,,080055,KUBOTA WARRANTY GL M10855,,N,0,
S,,,,KUBOTA,M6-111DTCC-F-1,TRACTOR,KBUMHBPCLR1H30700,WS19610,W,W,C,R,20260119,01/19/2026,100,20260225,02/25/2026,38,63,STEW,SOLD BY STEWART BROOKS,WARRANTY M6-111,0,0,0,0,,,,20260225,02/25/2026,20260225,02/25/2026,0,37,0.92,0.92,00,KUBOTA,KUBOTA,M6-111DT1,M6-111DTCC-F-1,KBUMHBPCLR1H30700,0,2025,,,,,,,,,,080055,KUBOTA WARRANTY GL M10855,,N,0,
S,,,,KUBOTA,LX3520HSDCC,CAB TRACTOR,KBUBDAHCES1G12652,WS19612,W,W,C,R,20260119,01/19/2026,100,20260127,01/27/2026,9,92,STEW,SOLD BY STEWART BROOKS,WEBDALE/ZINGER,6508.58,2970,104.4,9582.98,,,,20260121,01/21/2026,20260126,01/26/2026,1,2,22.4,22,00,KUBOTA,KUBOTA,LX3520HSD,LX3520HSDCC,KBUBDAHCES1G12652,0,2025,,,,,,,,,,080055,KUBOTA WARRANTY GL M10855,,N,0,
S,FANSHAWE COLLEGE,,,,,,,WS19613,W,W,C,R,20260119,01/19/2026,100,20260123,01/23/2026,5,96,STEW,SOLD BY STEWART BROOKS,WARRANTY M6-131,0,0,0,0,,,,20260122,01/22/2026,20260122,01/22/2026,1,3,0.3,0.3,00,KUBOTA,KUBOTA,M6-131DT2,M6-131DTCC-F-1,KBUMHDPCTR1G30548,0,2025,S,88713,,KUBOTA,KUBOTA,M6-131DT2,M6-131DTCC-F-1,TRACTOR,KBUMHDPCTR1G30548,080055,KUBOTA WARRANTY GL M10855,,N,0,
M,,,,GREENWORKS,82SN24D,SNOWBLOWER,1012207270000744,WM52979,W,W,C,R,20260120,01/20/2026,99,20260217,02/17/2026,29,71,BRYAN,SOLD BY BRYAN SMITH,WARRANTY,0,0,0,0,,,,0,,0,,0,0,0,0,00,GREENWORK,GREENWORKS,2614502,2614502,GWB1640169,0,2025,,,,,,,,,,090200,MISCELLANCE WARRANTY,,N,0,
M,LONDON SNOWPLOW & LANDSCAPE,,2482739 ONTARIO,,,,,WM52986,W,W,C,R,20260121,01/21/2026,98,20260226,02/26/2026,37,62,BRYAN,SOLD BY BRYAN SMITH,PLOW WARRANTY,0,0,0,0,,,,20260130,01/30/2026,20260130,01/30/2026,27,9,3.74,3.74,00,HORST,HORST,SB3230WE1,SB3230WEF2914,26202993,0,20,,,,,,,,,,090200,MISCELLANCE WARRANTY,,N,0,
M,HARRISON,DOUG,,,,,,WM52989,W,W,C,S,20260121,01/21/2026,98,20260421,04/21/2026,91,8,AVB,ANDREW VAN BOMMEL,WARRANTY 39924,0,0,0,0,,,,0,,0,,0,0,0,0,00,TORO,TORO,39924,39924,414079768,0,2022,S,81194,,TORO,TORO,39924,39924,SNOWBLOWER,414079768,080100,TORO LAWNBOY ( WARRANTY),,N,0,
S,CITY OF LONDON,,,,,,,WS19629,W,W,C,R,20260121,01/21/2026,98,20260210,02/10/2026,21,78,STEW,SOLD BY STEWART BROOKS,WARRANTY 15-044,0,0,0,0,,,,20260121,01/21/2026,20260205,02/05/2026,5,0,5.91,5.91,00,KUBOTA,KUBOTA,F3990,F3990,22559,538,2020,S,70076,,KUBOTA,KUBOTA,F3990,F3990,TRACTOR,22559,080055,KUBOTA WARRANTY GL M10855,,N,0,
M,CAHILL,JOSH,,,,,,WM52997,W,W,C,S,20260122,01/22/2026,97,20260417,04/17/2026,86,12,BRYAN,SOLD BY BRYAN SMITH,WARRANTY 38830,0,0,0,0,,,,20260122,01/22/2026,20260122,01/22/2026,85,0,0.65,0.65,00,TORO,TORO,38830,38830,420177037,0,2025,S,91397,,TORO,TORO,38830,38830,SNOWBLOWER,420177037,080100,TORO LAWNBOY ( WARRANTY),,N,0,
S,PAYSON,EMILY,,,,,,WS19636,W,W,C,R,20260122,01/22/2026,97,20260202,02/02/2026,12,86,STEW,SOLD BY STEWART BROOKS,WARRANTY L6060,0,0,0,0,,,,20260123,01/23/2026,20260123,01/23/2026,10,1,3.26,3.26,00,KUBOTA,KUBOTA,L6060HST1,L6060HSTCC-1,KBUL5FHCAS8G57284,113,2025,S,91289,,KUBOTA,KUBOTA,L6060HST1,L6060HSTCC-1,TRACTOR,KBUL5FHCAS8G57284,080055,KUBOTA WARRANTY GL M10855,,N,0,
S,HILLEN NURSERY LTD.,,,,,,,WS19641,W,W,C,R,20260122,01/22/2026,97,20260226,02/26/2026,36,62,ADAM,SOLD BY ADAM MASON,WARRANTY R640,0,0,0,0,,,,20260206,02/06/2026,20260206,02/06/2026,20,15,3.01,3.01,01,KUBOTA,KUBOTA,R640,R640,KBC5Z63CHSZC12551,277,20,S,90999,,KUBOTA,KUBOTA,R640,R640,WHEEL LOADER,KBC5Z63CHSZC12551,080055,KUBOTA WARRANTY GL M10855,,N,0,
M,TOLL,MICHAEL,,,,,,WM53004,W,W,C,S,20260123,01/23/2026,96,20260319,03/19/2026,56,41,BRYAN,SOLD BY BRYAN SMITH,WARRANTY 82SN24,0,0,0,0,,,,20260202,02/02/2026,20260206,02/06/2026,41,10,5.79,5.79,00,GREENWORK,GREENWORKS,2614502,2614502,1012207270000646,0,2025,S,91831,,GREENWORK,GREENWORKS,2614502,2614502,SNOWBLOWER,1012207270000646,090200,MISCELLANCE WARRANTY,,N,0,
M,FIRE ROCK GOLF CLUB,,,,,,,WM53008,W,W,C,R,20260124,01/24/2026,95,20260423,04/23/2026,90,6,BRYAN,SOLD BY BRYAN SMITH,WARRANTY 39921,0,0,0,0,,,,20260126,01/26/2026,20260331,03/31/2026,23,2,2.19,2.19,01,TORO,TORO,39921,39921,416315401,0,2024,S,87956,,TORO,TORO,39921,39921,SNOWBLOWER,416315401,080100,TORO LAWNBOY ( WARRANTY),,N,0,
S,GOR-DAN FARMS LIMITED,,,,,,,WS19649,W,W,C,S,20260126,01/26/2026,93,20260202,02/02/2026,8,86,STEVE,SOLD BY STEVE,SERVCIE CALL,0,0,0,0,,,,20260126,01/26/2026,20260128,01/28/2026,5,0,4.99,4,01,KUBOTA,KUBOTA,L6060HST1,L6060HSTCC-1,KBUL5FHCPN8F52869,0,2022,S,80185,,KUBOTA,KUBOTA,L6060HST1,L6060HSTCC-1,TRACTOR,KBUL5FHCPN8F52869,080055,KUBOTA WARRANTY GL M10855,,N,0,
S,DIAOC INVESTMENT CORP,,,,,,,WS19652,W,W,C,S,20260126,01/26/2026,93,20260202,02/02/2026,8,86,STEW,SOLD BY STEWART BROOKS,WARRANTY BX1880,0,0,0,0,,,,20260126,01/26/2026,20260126,01/26/2026,7,0,0.81,0.81,01,KUBOTA,KUBOTA,BX1880-1,BX1880-1,KBUC1AHRKP6BH5443,0,2023,S,84254,,KUBOTA,KUBOTA,BX1880-1,BX1880-1,TRACTOR,KBUC1AHRKP6BH5443,080055,KUBOTA WARRANTY GL M10855,,N,0,
M,CITY OF LONDON,,,,,,,WM53015,W,W,C,R,20260126,01/26/2026,93,20260421,04/21/2026,86,8,BRYAN,SOLD BY BRYAN SMITH,WARRANTY M7060,0,0,0,0,,,,20260130,01/30/2026,20260302,03/02/2026,50,4,10.88,10.88,00,KUBOTA,KUBOTA,M7060HDC1,M7060HDCC,KBUMFCDCHR8CA1218,349.3,2024,S,87285,,KUBOTA,KUBOTA,M7060HDC1,M7060HDCC,TRACTOR,KBUMFCDCHR8CA1218,080055,KUBOTA WARRANTY GL M10855,,N,0,
S,MORRISON,SCOTT,,,,,,WS19654,W,W,C,S,20260126,01/26/2026,93,20260319,03/19/2026,53,41,STEVE,SOLD BY STEVE,SERVICE CALL,0,0,0,0,,,,20260210,02/10/2026,20260210,02/10/2026,37,15,3.49,3.29,00,KUBOTA,KUBOTA,SVL75-2,SVL75-2,KBCZ052CKM1C57327,145,20,,,,,,,,,,080055,KUBOTA WARRANTY GL M10855,,N,0,
M,MCCUMBER,GARY,,,,,,WM53024,W,W,C,S,20260127,01/27/2026,92,20260420,04/20/2026,84,9,BRYAN,SOLD BY BRYAN SMITH,WARRANTY 37775,0,0,0,0,,,,20260203,02/03/2026,20260206,02/06/2026,73,7,1.79,1.69,01,TORO,TORO,37775,37775,315010782,0,2014,S,50017,,TORO,TORO,37775,37775,SNOWBLOWER,315010782,080100,TORO LAWNBOY ( WARRANTY),,N,0,
S,TRADE MARK FENCING LTD.,,,,,,,WS19657,W,W,C,S,20260127,01/27/2026,92,20260211,02/11/2026,16,77,STEW,SOLD BY STEWART BROOKS,WARRANTY SVL75-2,0,0,0,0,,,,20260205,02/05/2026,20260205,02/05/2026,6,9,2.99,2.99,00,KUBOTA,KUBOTA,SVL752HFW,SVL75-2HFWC,KBCZ052CJL1F50693,1079,2020,S,69453,,KUBOTA,KUBOTA,SVL752HFW,SVL75-2HFWC,SKIDSTEER,KBCZ052CJL1F50693,080055,KUBOTA WARRANTY GL M10855,,N,0,
M,GOERTZ,BECKY,,,,,,WM53030,W,W,C,S,20260127,01/27/2026,92,20260318,03/18/2026,51,42,BRYAN,SOLD BY BRYAN SMITH,WARRANTY 82SN22,0,0,0,0,,,,0,,0,,0,0,0,0,01,GREENWORK,GREENWORKS,2607602,2607602,GWB1720269,0,2025,S,91656,,GREENWORK,GREENWORKS,2607602,2607602,SNOWBLOWER,GWB1720269,090200,MISCELLANCE WARRANTY,,N,0,
S,OUTDOOR ASTHETICS INC.,,,,,,,WS19663,W,W,C,S,20260128,01/28/2026,91,20260422,04/22/2026,85,7,STEVE,SOLD BY STEVE,WARRANTY SVL75-3,0,0,0,0,,,,20260205,02/05/2026,20260205,02/05/2026,76,8,2.02,2.02,01,KUBOTA,KUBOTA,SVL75-3,SVL75-3,KBCZ053CKR1F26321,350,20,A,S05102,INT-S-WARRANTY,,,,,,,080055,KUBOTA WARRANTY GL M10855,,N,0,
S,OXFORD BUILDERS SUPPLIES INC,,,,,,,WS19665,W,W,C,R,20260128,01/28/2026,91,20260202,02/02/2026,6,86,STEW,SOLD BY STEWART BROOKS,WARRANTY U17,0,0,0,0,,,,20260131,01/31/2026,20260131,01/31/2026,2,3,1.09,1.09,01,KUBOTA,KUBOTA,U17-HGS,U17-HGS,KBCAZ24CKN3F55722,809,20,S,PKG001,,KUBOTA,KUBOTA,U17-HGS,U17-HGS,EXCAVATOR,KBCAZ24CKN3F55722,080055,KUBOTA WARRANTY GL M10855,,N,0,
M,WEST WOOD LANDCARE,,,,,,,WM53035,W,W,C,R,20260128,01/28/2026,91,20260410,04/10/2026,73,19,BD,BILL DENISON,WARRANTY L6060,0,0,0,0,,,,20260128,01/28/2026,20260203,02/03/2026,66,0,8.07,8.07,01,KUBOTA,KUBOTA,L6060HST1,L6060HSTCC-1,KBUL5FHCHR8E56286,497.2,2024,S,87844,,KUBOTA,KUBOTA,L6060HST1,L6060HSTCC-1,TRACTOR,KBUL5FHCHR8E56286,080055,KUBOTA WARRANTY GL M10855,,N,0,
M,DOLAN,HAROLD,,,,,,WM53037,W,W,O,S,20260128,01/28/2026,91,0,,0,0,AVB,ANDREW VAN BOMMEL,WARRANTY 88650,0,0,0,0,,,,0,,0,,0,0,0,0,00,TORO,TORO,88650,88650,321034945,0,20,,,,,,,,,,080100,TORO LAWNBOY ( WARRANTY),,N,0,
M,BARNARDO,SHAUN,,,,,,WM53039,W,W,C,S,20260129,01/29/2026,90,20260423,04/23/2026,85,6,BRYAN,SOLD BY BRYAN SMITH,WARRANTY 37805,0,0,0,0,,,,20260129,01/29/2026,20260225,02/25/2026,57,0,2.59,2.59,01,TORO,TORO,37805,37805,418014187,0,2025,S,91677,,TORO,TORO,37805,37805,SNOWBLOWER,418014187,080100,TORO LAWNBOY ( WARRANTY),,N,0,
S,D.A. PROPERTY CARE,,,,,,,WS19668,W,W,O,R,20260129,01/29/2026,90,0,,0,0,STEVE,SOLD BY STEVE,WARRANTY M6-111,612.67,478.33,0,1091,,,,20260130,01/30/2026,20260130,01/30/2026,0,1,2.49,2.49,01,KUBOTA,KUBOTA,M6-111DT1,M6-111DTCC-F-1,KBUMHBPCEN1H30032,0,2022,S,81846,,KUBOTA,KUBOTA,M6-111DT1,M6-111DTCC-F-1,TRACTOR,KBUMHBPCEN1H30032,080055,KUBOTA WARRANTY GL M10855,,N,0,
S,FIELDSTONE LANDSCAPING,,,,,,,WS19676,W,W,C,R,20260130,01/30/2026,89,20260204,02/04/2026,6,84,STEW,SOLD BY STEWART BROOKS,WARRANTY M6-111,0,0,0,0,,,,20260130,01/30/2026,20260130,01/30/2026,5,0,1.51,1,00,KUBOTA,KUBOTA,M6-111DT1,M6-111DTCC-F-1,KBUMHBPCCR1J30705,155,2024,S,88681,,KUBOTA,KUBOTA,M6-111DT1,M6-111DTCC-F-1,TRACTOR,KBUMHBPCCR1J30705,080055,KUBOTA WARRANTY GL M10855,,N,0,
S,,,,KUBOTA,LX2620HSD,,KBUBFAHRKS1H17227,WS19678,W,W,C,R,20260130,01/30/2026,89,20260211,02/11/2026,13,77,STEW,SOLD BY STEWART BROOKS,SELISKE/NICK,4766.24,2035.8,82,6884.04,,,,20260206,02/06/2026,20260210,02/10/2026,1,7,15.08,15.08,00,KUBOTA,KUBOTA,LX2620HSD,LX2620HSD,KBUBFAHRKS1H17227,0,2025,,,,,,,,,,080055,KUBOTA WARRANTY GL M10855,,N,0,
S,SIFTON PROPERTIES-BERKSHIRE,,,,,,,WS19686,W,W,C,R,20260202,02/02/2026,86,20260326,03/26/2026,53,34,STEW,SOLD BY STEWART BROOKS,WARRANTY BX2755,0,0,0,0,,,,20260202,02/02/2026,20260212,02/12/2026,42,0,7.06,5.82,01,KUBOTA,KUBOTA,BX2755HD,BX2755HD,21200890,0,2012,S,43345,,KUBOTA,KUBOTA,BX2755HD,BX2755HD,SNOWBLOWER,21200890,080055,KUBOTA WARRANTY GL M10855,,N,0,
M,BRAD'S LAWN CARE LTD,,,,,,,WM53065,W,W,O,R,20260203,02/03/2026,85,0,,0,0,BRYAN,SOLD BY BRYAN SMITH,WARRANTY 38754,130.19,62.15,0,192.34,,,,20260203,02/03/2026,20260203,02/03/2026,0,0,0.44,0.44,01,TORO,TORO,38754,38754,420163109,0,2025,S,91528,,TORO,TORO,38754,38754,SNOWBLOWER,420163109,080100,TORO LAWNBOY ( WARRANTY),,N,0,
S,CLC TREE SERVICES,,,,,,,WS19694,W,W,C,R,20260203,02/03/2026,85,20260205,02/05/2026,3,83,STEW,SOLD BY STEWART BROOKS,WARRANTY SVL97-2,0,0,0,0,,,,20260203,02/03/2026,20260204,02/04/2026,1,0,5.1,5.1,00,KUBOTA,KUBOTA,SVL97-2,SVL97-2,KBCZ064CHN1C68809,0,2022,S,78843,,KUBOTA,KUBOTA,SVL97-2,SVL97-2,SKIDSTEER,KBCZ064CHN1C68809,080055,KUBOTA WARRANTY GL M10855,,N,0,
S,KEEP RENTING EQUIPMENT,,,,,,,WS19696,W,W,O,R,20260203,02/03/2026,85,0,,0,0,STEVE,SOLD BY STEVE,WARRANTY,2721.46,1106.5,0,3827.95,,,,20260203,02/03/2026,20260219,02/19/2026,0,0,5.76,5.76,01,KUBOTA,KUBOTA,KX080-5,KX080-5,KBCDZ85CTS3F12523,96,2025,S,90990,,KUBOTA,KUBOTA,KX080-5,KX080-5,EXCAVATOR,KBCDZ85CTS3F12523,080055,KUBOTA WARRANTY GL M10855,,N,0,
M,CASEY,NEIL,,,,,,WM53067,W,W,C,S,20260203,02/03/2026,85,20260204,02/04/2026,2,84,BRYAN,SOLD BY BRYAN SMITH,TIRE - WARRANTY,0,0,0,0,,,,0,,0,,0,0,0,0,00,TORO,TORO,37807,37807,420161777,0,20,,,,,,,,,,080100,TORO LAWNBOY ( WARRANTY),,N,0,
S,THAYER,KIRK,,,,,,WS19703,W,W,C,S,20260204,02/04/2026,84,20260204,02/04/2026,1,84,STEVE,SOLD BY STEVE,WARRANTY,0,0,0,0,,,,20260129,01/29/2026,20260203,02/03/2026,1,-6,1.21,1.21,01,KUBOTA,KUBOTA,L3901HSTR,L3901HSTRC,KBUL4BHRAMJD95729,0,2021,S,73574,,KUBOTA,KUBOTA,L3901HSTR,L3901HSTRC,TRACTOR,KBUL4BHRAMJD95729,080055,KUBOTA WARRANTY GL M10855,,N,0,
M,THOMSON,JULIE,,,,,,WM53068,W,W,C,S,20260204,02/04/2026,84,20260417,04/17/2026,73,12,AVB,ANDREW VAN BOMMEL,WARRANTY L4760,0,0,0,0,,,,20260204,02/04/2026,20260206,02/06/2026,70,0,5.13,5.13,00,KUBOTA,KUBOTA,L4760HSTC,L4760HSTCC,KBUL5CHCEL8K43357,536,2020,S,71266,,KUBOTA,KUBOTA,L4760HSTC,L4760HSTCC,TRACTOR,KBUL5CHCEL8K43357,080055,KUBOTA WARRANTY GL M10855,,N,0,
M,PERRY,JOSH,,,,,,WM53072,W,W,O,S,20260204,02/04/2026,84,0,,0,0,BRYAN,SOLD BY BRYAN SMITH,WARRANTY,88.37,0,0,88.37,,,,0,,0,,0,0,0,0,00,TORO,TORO,37772,37772,316000331,0,20,,,,,,,,,,080100,TORO LAWNBOY ( WARRANTY),,N,0,
M,,,,KUBOTA,BX1880-1,TRACTOR,KBUC1AHRJS6FH6386,WM53076,W,W,C,R,20260204,02/04/2026,84,20260407,04/07/2026,63,22,BRYAN,SOLD BY BRYAN SMITH,WARRANTY BX1880,0,31.05,0,31.05,,,,20260309,03/09/2026,20260309,03/09/2026,29,33,1.35,1.35,00,KUBOTA,KUBOTA,BX1880-1,BX1880-1,KBUC1AHRJS6FH6386,0.2,2025,,,,,,,,,,080055,KUBOTA WARRANTY GL M10855,,N,0,
S,HANSFORD,BRUCE,,,,,,WS19708,W,W,C,S,20260204,02/04/2026,84,20260420,04/20/2026,76,9,STEW,SOLD BY STEWART BROOKS,WARRANTY HTA135,0,0,0,0,,,,20260205,02/05/2026,20260212,02/12/2026,67,1,1.62,1.02,00,STIHL,STIHL,HTA135,HTA135,537384212,0,20,,,,,,,,,,080700,STIHL WARRANTY,,N,0,
S,REDTAIL INC.,,,,,,,WS19710,W,W,C,R,20260205,02/05/2026,83,20260223,02/23/2026,19,65,STEW,SOLD BY STEWART BROOKS,BULLETIN,0,0,0,0,,,,20260220,02/20/2026,20260220,02/20/2026,3,15,2.17,2.17,01,KUBOTA,KUBOTA,RTV-X900G,RTV-X900G,A5KB2FDBJNG075245,0,2023,S,83119,,KUBOTA,KUBOTA,RTV-X900G,RTV-X900G,RTV,A5KB2FDBJNG075245,080055,KUBOTA WARRANTY GL M10855,,N,0,
M,CHESTERFIELD,BRUCE,,,,,,WM53078,W,W,O,S,20260205,02/05/2026,83,0,,0,0,BRYAN,SOLD BY BRYAN SMITH,WARRANTY,500.16,822.19,0,1322.35,,,,20260316,03/16/2026,20260319,03/19/2026,0,39,4.28,4.28,00,KUBOTA,KUBOTA,ZD1211L-3,ZD1211L-3-72,KBGGDCF0CRGA55058,724.4,20,,,,,,,,,,080055,KUBOTA WARRANTY GL M10855,,N,0,
S,D & D COMMERCIAL PROPERTY,,ED DE CLOET,,,,,WS19716,W,W,C,R,20260206,02/06/2026,82,20260206,02/06/2026,1,82,STEVE,SOLD BY STEVE,WARRANTY,0,0,0,0,,,,20260203,02/03/2026,20260204,02/04/2026,2,-3,6.43,5,01,KUBOTA,KUBOTA,LX2610HS1,LX2610HSDCC,KBUB8AHCVP1L36332,0,2024,S,86036,,KUBOTA,KUBOTA,LX2610HS1,LX2610HSDCC,TRACTOR,KBUB8AHCVP1L36332,080055,KUBOTA WARRANTY GL M10855,,N,0,
S,KPS SOLUTIONS INC,,,,,,,WS19717,W,W,O,R,20260206,02/06/2026,82,0,,0,0,STEW,SOLD BY STEWART BROOKS,WARRANTY GENERAC,46.93,865.86,0,912.79,,,,20260206,02/06/2026,20260423,04/23/2026,0,0,6.13,6.13,01,GENERAC,GENERAC,G0082512,G0082512,3014786444,0,2024,S,88591,,GENERAC,GENERAC,G0082512,G0082512,GENERATOR,3014786444,090200,MISCELLANCE WARRANTY,,N,0,
S,CASTLE HILL FARMS,,,,,,,WS19718,W,W,O,S,20260206,02/06/2026,82,0,,0,0,STEW,SOLD BY STEWART BROOKS,WARRANTY -XG850,13393.92,4810.18,0,18204.11,,,,20260209,02/09/2026,20260226,02/26/2026,0,3,26.44,25.04,00,KUBOTA,KUBOTA,RTV-XG850,RTV-XG850,A5KH1RGNCPG051187,235,2023,S,84595,,KUBOTA,KUBOTA,RTV-XG850,RTV-XG850,RTV,A5KH1RGNCPG051187,080055,KUBOTA WARRANTY GL M10855,,N,0,
S,BRE-EX LTD.,,,,,,,WS19719,W,W,C,R,20260206,02/06/2026,82,20260218,02/18/2026,13,70,STEW,SOLD BY STEWART BROOKS,WARRANTY BX1880,0,0,0,0,,,,20260211,02/11/2026,20260211,02/11/2026,7,5,1.4,1.2,00,KUBOTA,KUBOTA,BX1880,BX1880,19992,126.1,2020,S,60897,,KUBOTA,KUBOTA,BX23S,BX23S,TRACTOR,19992,080055,KUBOTA WARRANTY GL M10855,,N,0,
M,INNES,MEAGHAN,,,,,,WM53088,W,W,C,S,20260207,02/07/2026,81,20260423,04/23/2026,76,6,BRYAN,SOLD BY BRYAN SMITH,WARRANTY 39921,0,0,0,0,,,,20260209,02/09/2026,20260218,02/18/2026,64,2,2.96,2.96,01,TORO,TORO,39921,39921,416236342,0,2023,S,85704,,TORO,TORO,39921,39921,SNOWBLOWER,416236342,080100,TORO LAWNBOY ( WARRANTY),,N,0,
M,XIN,NING,,,,,,WM53092,W,W,C,S,20260207,02/07/2026,81,20260211,02/11/2026,5,77,BRYAN,SOLD BY BRYAN SMITH,S/B,0,70.63,4.8,75.43,,,,20260209,02/09/2026,20260209,02/09/2026,2,2,0.5,0.5,00,TORO,TORO,37799,37799,417992043,0,20,,,,,,,,,,080100,TORO LAWNBOY ( WARRANTY),,N,0,
M,WEST WOOD LANDCARE,,,,,,,WM53119,W,W,C,R,20260210,02/10/2026,78,20260409,04/09/2026,59,20,BD,BILL DENISON,WARRANTY L6060,0,0,0,0,,,,20260212,02/12/2026,20260218,02/18/2026,50,2,9.36,9.36,00,KUBOTA,KUBOTA,L6060HST1,L6060HSTCC-1,KBUL5FHCHP8E54499,585.6,2024,S,87845,,KUBOTA,KUBOTA,L6060HST1,L6060HSTCC-1,TRACTOR,KBUL5FHCHP8E54499,080055,KUBOTA WARRANTY GL M10855,,N,0,
M,ANGELES,RUSSELL,,,,,,WM53121,W,W,C,S,20260211,02/11/2026,77,20260420,04/20/2026,69,9,BRYAN,SOLD BY BRYAN SMITH,WARRANTY 38614,0,0,0,0,,,,20260218,02/18/2026,20260218,02/18/2026,61,7,1.4,1.4,00,TORO,TORO,38614,38614,312012207,0,2011,S,42543,,TORO,TORO,38614,38614,SNOWBLOWER,312012207,080100,TORO LAWNBOY ( WARRANTY),,N,0,
S,TOTAL LANDSCAPING,,,,,,,WS19753,W,W,C,R,20260212,02/12/2026,76,20260408,04/08/2026,56,21,STEVE,SOLD BY STEVE,,270.54,5079.28,51.75,5401.57,,,,20251202,12/02/2025,20260223,02/23/2026,44,-72,42.48,28.27,01,KUBOTA,KUBOTA,M7-171PKV,M7-171PKVT,10062,2133,2016,S,66516,,KUBOTA,KUBOTA,M7-171PKV,M7-171PKVT,TRACTOR,10062,080055,KUBOTA WARRANTY GL M10855,,N,0,
S,FINISHING TOUCH FLOORING,,,,,,,WS19762,W,W,C,R,20260212,02/12/2026,76,20260223,02/23/2026,12,65,STEW,SOLD BY STEWART BROOKS,WARRANTY SVL75-2,0,0,0,0,,,,20260220,02/20/2026,20260220,02/20/2026,3,8,3,2.5,00,KUBOTA,KUBOTA,SVL752HW,SVL75-2HWC,KBCZ052CJM1E58646,0,2021,S,75035,,KUBOTA,KUBOTA,SVL752HW,SVL75-2HWC,SKIDSTEER,KBCZ052CJM1E58646,080055,KUBOTA WARRANTY GL M10855,,N,0,
S,FLAGSWIPE LTD.,,,,,,,WS19763,W,W,C,R,20260212,02/12/2026,76,20260223,02/23/2026,12,65,STEW,SOLD BY STEWART BROOKS,WARRANTY,0,0,0,0,,,,20260219,02/19/2026,20260219,02/19/2026,4,7,3,3,00,KUBOTA,KUBOTA,SVL65-2,SVL65-2,KBCZ021CEM1E16812,0,20,S,74669,,KUBOTA,KUBOTA,SVL65-2,SVL65-2,SKIDSTEER,KBCZ021CEM1E16812,080055,KUBOTA WARRANTY GL M10855,,N,0,
M,OSBORNE,DAVE,,,,,,WM53133,W,W,O,S,20260217,02/17/2026,71,0,,0,0,BRYAN,SOLD BY BRYAN SMITH,WARRANTY 37807,4.25,137.01,0,141.26,,,,20260218,02/18/2026,20260218,02/18/2026,0,1,0.97,0.97,01,TORO,TORO,37807,37807,417985993,0,2025,S,91077,,TORO,TORO,37807,37807,SNOWBLOWER,417985993,080100,TORO LAWNBOY ( WARRANTY),,N,0,
S,IRWIN,BEN,,,,,,WS19785,W,W,C,S,20260218,02/18/2026,70,20260226,02/26/2026,9,62,STEVE,SOLD BY STEVE,WARRANTY,0,0,0,0,,,,0,,0,,0,0,0,0,01,KUBOTA,KUBOTA,SVL75-3,SVL75-3,KBCZ053CCR1E25931,161,20,S,87848,,KUBOTA,KUBOTA,SVL75-3,SVL75-3,SKIDSTEER,KBCZ053CCR1E25931,080055,KUBOTA WARRANTY GL M10855,,N,0,
S,MUNICIPALITY OF MIDDLESEX CENTRE,,,,,,,WS19796,W,W,C,R,20260220,02/20/2026,68,20260423,04/23/2026,63,6,STEVE,SOLD BY STEVE,WARRANTY DM1022,0,0,0,0,,,,20260227,02/27/2026,20260321,03/21/2026,33,7,12.07,12.07,01,KUBOTA,KUBOTA,DM1022,DM1022,KT524117,0,2025,S,90156,,KUBOTA,KUBOTA,DM1022,DM1022,DISC. MOWER,KT524117,080055,KUBOTA WARRANTY GL M10855,,N,0,
M,INNES,MEAGHAN,,,,,,WM53088A,W,W,C,S,20260207,02/07/2026,81,20260421,04/21/2026,74,8,BRYAN,SOLD BY BRYAN SMITH,WARRANTY 39921,0,0,0,0,,,,0,,0,,0,0,0,0,01,TORO,TORO,39921,39921,416236342,0,2023,S,85704,,TORO,TORO,39921,39921,SNOWBLOWER,416236342,080100,TORO LAWNBOY ( WARRANTY),,N,0,
M,LUDWAR LANDSCPING,,,,,,,WM53146,W,W,C,R,20260223,02/23/2026,65,20260227,02/27/2026,5,61,BRYAN,SOLD BY BRYAN SMITH,WARRANTY BR800X,0,0,0,0,,,,20260223,02/23/2026,20260223,02/23/2026,4,0,0.61,0.61,00,STIHL,STIHL,BR800X,BR800X,546912544,0,20,,,,,,,,,,080700,STIHL WARRANTY,,N,0,
M,FIRE ROCK GOLF CLUB,,,,,,,WM53147,W,W,C,R,20260223,02/23/2026,65,20260226,02/26/2026,4,62,BRYAN,SOLD BY BRYAN SMITH,WARRANTY BR800X,0,0,0,0,,,,20260223,02/23/2026,20260223,02/23/2026,3,0,0.48,0.48,00,STIHL,STIHL,BR800X,BR800X,546912551,0,20,,,,,,,,,,080700,STIHL WARRANTY,,N,0,
M,CHIPPEWA OF THE THAMES,,FIRST NATION,,,,,WM53152,W,W,C,R,20260223,02/23/2026,65,20260226,02/26/2026,4,62,BRYAN,SOLD BY BRYAN SMITH,WARRANTY BR800X,0,0,0,0,,,,20260224,02/24/2026,20260224,02/24/2026,2,1,0.63,0.63,00,STIHL,STIHL,BR800X,BR800X,546912548,0,20,,,,,,,,,,080700,STIHL WARRANTY,,N,0,
M,CHIPPEWA OF THE THAMES,,FIRST NATION,,,,,WM53153,W,W,C,R,20260223,02/23/2026,65,20260226,02/26/2026,4,62,BRYAN,SOLD BY BRYAN SMITH,WARRANTY BR800X,0,0,0,0,,,,20260224,02/24/2026,20260224,02/24/2026,2,1,0.67,0.67,00,STIHL,STIHL,BR800X,BR800X,546912553,0,20,,,,,,,,,,080700,STIHL WARRANTY,,N,0,
S,WARD LANDSCAPING,,,,,,,WS19803,W,W,C,S,20260224,02/24/2026,64,20260224,02/24/2026,1,64,STEVE,SOLD BY STEVE,WARRANTY SCL1000,0,0,0,0,,,,20260224,02/24/2026,20260224,02/24/2026,0,0,2.94,2.5,01,KUBOTA,KUBOTA,SCL1000,SCL1000,KBXLCA1C6PLL14838,233,2024,S,86035,,KUBOTA,KUBOTA,SCL1000,SCL1000,LOADER,KBXLCA1C6PLL14838,080055,KUBOTA WARRANTY GL M10855,,N,0,
M,ABBEY,RENTALS,,,,,,WM53158,W,W,C,S,20260224,02/24/2026,64,20260226,02/26/2026,3,62,BRYAN,SOLD BY BRYAN SMITH,WARRANTY BR800X,0,0,0,0,,,,20260224,02/24/2026,20260224,02/24/2026,2,0,0.5,0.5,00,STIHL,STIHL,BR800X,BR800X,546912545,0,20,,,,,,,,,,080700,STIHL WARRANTY,,N,0,
M,TRIPLE J CONTRACTING,,,,,,,WM53161,W,W,C,S,20260224,02/24/2026,64,20260318,03/18/2026,23,42,BRYAN,SOLD BY BRYAN SMITH,WARRANTY BR800X,0,0,0,0,,,,20260225,02/25/2026,20260225,02/25/2026,21,1,0.5,0.5,00,STIHL,STIHL,BR800X,BR800X,546912543,0,20,,,,,,,,,,080700,STIHL WARRANTY,,N,0,
M,TRIPLE J CONTRACTING,,,,,,,WM53162,W,W,C,S,20260224,02/24/2026,64,20260318,03/18/2026,23,42,BRYAN,SOLD BY BRYAN SMITH,WARRANTY BR800X,0,0,0,0,,,,20260225,02/25/2026,20260225,02/25/2026,21,1,0.66,0.66,00,STIHL,STIHL,BR800X,BR800X,546912546,0,20,,,,,,,,,,080700,STIHL WARRANTY,,N,0,
S,CROSBY LANDSCAPE + DESIGN,,,,,,,WS19811,W,W,O,S,20260225,02/25/2026,63,0,,0,0,STEW,SOLD BY STEWART BROOKS,WARRANTY L6060,4681.14,7276.75,0,11957.89,,,,20260225,02/25/2026,20260318,03/18/2026,0,0,70.2,37.88,00,KUBOTA,KUBOTA,L6060,L6060HSTRC,KBUL5FHCKM8F51222,953,20,A,S05102,INT-S-WARRANTY,,,,,,,080055,KUBOTA WARRANTY GL M10855,,N,0,
S,D & D COMMERCIAL PROPERTY,,ED DE CLOET,,,,,WS19819,W,W,O,R,20260226,02/26/2026,62,0,,0,0,STEVE,SOLD BY STEVE,WARRANTY LX2960A,1106.86,0,0,1106.86,,,,0,,0,,0,0,0,0,01,KUBOTA,KUBOTA,LX2960A,LX2960A,22306457,406.9,2025,S,91637,,KUBOTA,KUBOTA,LX2960A,LX2960A,"60""BLADE",22306457,080055,KUBOTA WARRANTY GL M10855,,N,0,
M,LUCAN COMMUNITY CENTRE,,,,,,,WM53171,W,W,C,R,20260227,02/27/2026,61,20260422,04/22/2026,55,7,BRYAN,SOLD BY BRYAN SMITH,WARRANTY LX3520,0,0,0,0,,,,20260227,02/27/2026,20260305,03/05/2026,48,0,3.22,3.22,01,KUBOTA,KUBOTA,LX3520HSD,LX3520HSDCC,KBUBDAHCTR1K12097,478.9,2024,S,89233,,KUBOTA,KUBOTA,LX3520HSD,LX3520HSDCC,CAB TRACTOR,KBUBDAHCTR1K12097,080055,KUBOTA WARRANTY GL M10855,,N,0,
S,CITY OF ST. THOMAS,,,,,,,WS19821,W,W,O,R,20260227,02/27/2026,61,0,,0,0,STEW,SOLD BY STEWART BROOKS,WARRANTY ZD1211,340.76,768.4,0,1109.16,,,,20260227,02/27/2026,20260304,03/04/2026,0,0,6.7,4,00,KUBOTA,KUBOTA,ZD1200-3,ZD1200-3,KBGGDCB0VRGC50374,557.5,2024,S,86987,,KUBOTA,KUBOTA,ZD1200-3,ZD1200-3,TRACTOR,KBGGDCB0VRGC50374,080055,KUBOTA WARRANTY GL M10855,,N,0,
M,,,,TORO,72517,GRANDSTAND,420249647,WM53181,W,W,O,R,20260302,03/02/2026,58,0,,0,0,BRYAN,SOLD BY BRYAN SMITH,WARRANTY 72517,78.32,189.28,0,267.6,,,,20260302,03/02/2026,20260310,03/10/2026,0,0,1.34,1.34,00,TORO,TORO,72517,72517,420249647,0,2026,,,,,,,,,,080100,TORO LAWNBOY ( WARRANTY),,N,0,
S,T.W.JOHNSTONE CO. LTD.,,,,,,,WS19839,W,W,C,R,20260302,03/02/2026,58,20260305,03/05/2026,4,55,STEVE,SOLD BY STEVE,WARRANTY U17-HGS,0,0,0,0,,,,20260304,03/04/2026,20260304,03/04/2026,1,2,1.33,1.33,01,KUBOTA,KUBOTA,U17-HGS,U17-HGS,KBCAZ24CVN3J56634,0,2023,S,83783,,KUBOTA,KUBOTA,U17-HGS,U17-HGS,EXCAVATOR,KBCAZ24CVN3J56634,080055,KUBOTA WARRANTY GL M10855,,N,0,
S,KPS SOLUTIONS INC,,,,,,,WS19848,W,W,O,R,20260303,03/03/2026,57,0,,0,0,STEW,SOLD BY STEWART BROOKS,WARRANTY GENERAC,3.45,257.08,0,260.52,,,,20260303,03/03/2026,20260407,04/07/2026,0,0,1.82,1.82,01,GENERAC,GENERAC,P0080501,P0080501,3009661255,0,20,S,85920,,GENERAC,GENERAC,P0080501,P0080501,PM2000I,3009661255,090200,MISCELLANCE WARRANTY,,N,0,
M,DODGSON,PAUL,,,,,,WM53211,W,W,C,S,20260304,03/04/2026,56,20260424,04/24/2026,52,5,BRYAN,SOLD BY BRYAN SMITH,WARRANTY 21464,0,0,0,0,,,,20260304,03/04/2026,20260306,03/06/2026,49,0,1.21,1.21,00,TORO,TORO,21464,21464,412839669,0,20,,,,,,,,,,080200,BRIGGS STRATTON,,N,0,
M,MCINTYRE,KYLE,,,,,,WM53213,W,W,O,S,20260304,03/04/2026,56,0,,0,0,BRYAN,SOLD BY BRYAN SMITH,WARRANTY WSTN36S,120.18,38.14,0,158.31,,,,20260306,03/06/2026,20260306,03/06/2026,0,2,0.27,0.27,00,WRIGHT,WRIGHT,WSTN36SFX,WSTN36SFX600E1B,158275VQ,433.3,2024,S,86666,,WRIGHT,WRIGHT,WSTN36SFX,WSTN36SFX600E1B,STANDER,158275VQ,080050,WRIGHT WARRANTY GL M10850,,N,0,
M,WEST WOOD LANDCARE,,,,,,,WM53216,W,W,C,R,20260304,03/04/2026,56,20260406,04/06/2026,34,23,BRYAN,SOLD BY BRYAN SMITH,WARRANTY SCL1000,0,0,0,0,,,,20260304,03/04/2026,20260305,03/05/2026,32,0,2.24,2.24,00,KUBOTA,KUBOTA,SCL1000,SCL1000,KBXLCA1CCRLD16342,117.4,2024,S,87746,,KUBOTA,KUBOTA,SCL1000,SCL1000,LOADER,KBXLCA1CCRLD16342,080055,KUBOTA WARRANTY GL M10855,,N,0,
S,INGROX LTD.,,,,,,,WS19859,W,W,C,R,20260304,03/04/2026,56,20260306,03/06/2026,3,54,STEW,SOLD BY STEWART BROOKS,WARRANTY F3710,0,0,0,0,,,,20260305,03/05/2026,20260305,03/05/2026,1,1,1.17,0.6,00,KUBOTA,KUBOTA,F3710,F3710,KBGKDCD0VP1M10466,138.3,2024,S,87204,,KUBOTA,KUBOTA,F3710,F3710,TRACTOR,KBGKDCD0VP1M10466,080055,KUBOTA WARRANTY GL M10855,,N,0,
S,D & D COMMERCIAL PROPERTY,,ED DE CLOET,,,,,WS19860,W,W,C,R,20260304,03/04/2026,56,20260306,03/06/2026,3,54,STEW,SOLD BY STEWART BROOKS,WARRANTY F3710,0,0,0,0,,,,20260305,03/05/2026,20260305,03/05/2026,1,1,1.15,0.6,00,KUBOTA,KUBOTA,F3710,F3710,KBGKDCD0KR1J10795,259,2024,S,88684,,KUBOTA,KUBOTA,F3710,F3710,TRACTOR,KBGKDCD0KR1J10795,080055,KUBOTA WARRANTY GL M10855,,N,0,
S,LAEMERS EXCAVATING,,,,,,,WS19875,W,W,O,R,20260306,03/06/2026,54,0,,0,0,STEVE,SOLD BY STEVE,WARRANTY KX080-5,494.68,0,0,494.68,,,,0,,0,,0,0,0,0,01,KUBOTA,KUBOTA,KX080-5,KX080-5,KBCDZ85CTS3C12092,0,2025,S,90851,,KUBOTA,KUBOTA,KX080-5,KX080-5,EXCAVATOR,KBCDZ85CTS3C12092,080055,KUBOTA WARRANTY GL M10855,,N,0,
S,VAN BREE INFRASTRUCTURE,,FORMALLY C H EXCAVATING 2013,,,,,WS19876,W,W,C,R,20260306,03/06/2026,54,20260422,04/22/2026,48,7,STEW,SOLD BY STEWART BROOKS,WARRANTY SVL65-2,0,0,0,0,,,,20260307,03/07/2026,20260310,03/10/2026,43,1,2.47,2.47,00,KUBOTA,KUBOTA,SVL65-2,SVL65-2,KBCZ021CLPLK32764,1575,2023,S,85823,,KUBOTA,KUBOTA,SVL65-2,SVL65-2,SKIDSTEER,KBCZ021CLPLK32764,080055,KUBOTA WARRANTY GL M10855,,N,0,
S,ALL TERRAIN PROPERTY,,,,,,,WS19879,W,W,O,R,20260306,03/06/2026,54,0,,0,0,STEW,SOLD BY STEWART BROOKS,WARRANTY -X1100,34.94,578.22,0,613.16,,,,20260309,03/09/2026,20260309,03/09/2026,0,3,3.01,3.01,01,KUBOTA,KUBOTA,RTVX1100C,RTV-X1100C,A5KC2GDBJRG093972,323,2024,S,88402,,KUBOTA,KUBOTA,RTVX1100C,RTV-X1100C,RTV,A5KC2GDBJRG093972,080055,KUBOTA WARRANTY GL M10855,,N,0,
S,DEL-KO PAVING & CONSTRUCTION,,,,,,,WS19880,W,W,O,R,20260309,03/09/2026,51,0,,0,0,STEW,SOLD BY STEWART BROOKS,WARRANTY SVL97-3,0,153.68,0,153.68,,,,20260309,03/09/2026,20260309,03/09/2026,0,0,0.8,0.8,00,KUBOTA,KUBOTA,SVL97-3,SVL97-3,KBCZ065CPS1E12441,821,2025,S,90965,,KUBOTA,KUBOTA,SVL97-3,SVL97-3,SKIDSTEER,KBCZ065CPS1E12441,080055,KUBOTA WARRANTY GL M10855,,N,0,
S,HOWE,KEITH,,,,,,WS19888,W,W,O,S,20260309,03/09/2026,51,0,,0,0,STEVE,SOLD BY STEVE,WARRANTY ZG327-3,51.8,1534.88,0,1586.68,,,,20260317,03/17/2026,20260319,03/19/2026,0,8,7.99,7.99,01,KUBOTA,KUBOTA,ZG300-3,ZG300-3,KBGGGBE0VSGBA1154,47,2025,S,90836,,KUBOTA,KUBOTA,ZG300-3,ZG300-3,ZERO TURN,KBGGGBE0VSGBA1154,080055,KUBOTA WARRANTY GL M10855,,N,0,
M,CITY OF LONDON,,,,,,,WM53260,W,W,C,R,20260310,03/10/2026,50,20260422,04/22/2026,44,7,BRYAN,SOLD BY BRYAN SMITH,WARRANTY M37-2,0,0,0,0,,,,20260316,03/16/2026,20260317,03/17/2026,36,6,2.72,2.72,00,KUBOTA,KUBOTA,M7060HDC1,M7060HDCC,KBUMFCDCHR8CA1218,359.1,2024,S,87285,,KUBOTA,KUBOTA,M7060HDC1,M7060HDCC,TRACTOR,KBUMFCDCHR8CA1218,080055,KUBOTA WARRANTY GL M10855,,N,0,
M,FIX AUTO,,,,,,,WM53262,W,W,C,R,20260310,03/10/2026,50,20260428,04/28/2026,50,1,PAT,SOLD BY PAT,WARRANTY 2607102,0,0,0,0,,,,20260310,03/10/2026,20260316,03/16/2026,43,0,2.69,2.69,01,GREENWORK,GREENWORKS,2607102,2607102,GWB1750042,0,2025,S,91653,,GREENWORK,GREENWORKS,2607102,2607102,SNOWBLOWER,GWB1750042,090200,MISCELLANCE WARRANTY,,N,0,
M,PETERNAL,H,,,,,,WM53269,W,W,O,S,20260311,03/11/2026,49,0,,0,0,AVB,ANDREW VAN BOMMEL,WARRANTY MTD,115.11,0,0,115.11,,,,0,,0,,0,0,0,0,00,MTD,MTD,31A-3AAD5,31A-3AAD500,1J065I10453,0,20,,,,,,,,,,090200,MISCELLANCE WARRANTY,,N,0,
M,CITY OF LONDON,,,,,,,WM53270,W,W,C,R,20260312,03/12/2026,48,20260408,04/08/2026,28,21,BRYAN,SOLD BY BRYAN SMITH,WARRANTY F3990,0,0,0,0,,,,20260317,03/17/2026,20260318,03/18/2026,21,5,4.01,4.01,00,KUBOTA,KUBOTA,F3990,F3990,22436,240,2020,S,68489,,KUBOTA,KUBOTA,F3990,F3990,TRACTOR,22436,080055,KUBOTA WARRANTY GL M10855,,N,0,
S,REED VERHOEVE FARMS,,,,,,,WS19924,W,W,C,R,20260312,03/12/2026,48,20260421,04/21/2026,41,8,STEW,SOLD BY STEWART BROOKS,,1148.34,1078.02,74.52,2300.88,,,,20260316,03/16/2026,20260420,04/20/2026,1,4,11.29,6,00,KUBOTA,KUBOTA,M7-174P-P,M7-174P-PS,KBTMRHPAKRFJ11204,488.2,2024,S,88706,,KUBOTA,KUBOTA,M7-174P-P,M7-174P-PS,TRACTOR,KBTMRHPAKRFJ11204,080055,KUBOTA WARRANTY GL M10855,,N,0,
S,WILLIAMSON,RICHARD,,,,,,WS19927,W,W,C,S,20260313,03/13/2026,47,20260423,04/23/2026,42,6,STEW,SOLD BY STEWART BROOKS,WARRANTY SSV65P,0,0,0,0,,,,20260319,03/19/2026,20260320,03/20/2026,34,6,2.16,2.16,00,KUBOTA,KUBOTA,SSV65P,SSV65P,KBCZ131CCSGA26881,341,2025,,,,,,,,,,080055,KUBOTA WARRANTY GL M10855,,N,0,
S,,,,KUBOTA,L6070PRMCC,TRACTOR,KBULSDHCVS8M10159,WS19928,W,W,C,R,20260313,03/13/2026,47,20260420,04/20/2026,39,9,STEVE,SOLD BY STEVE,WARRANTY L6070,0,0,0,0,,,,20260316,03/16/2026,20260318,03/18/2026,33,3,1.97,1.97,00,KUBOTA,KUBOTA,L6070PRMC,L6070PRMCC,KBULSDHCVS8M10159,1.5,2026,,,,,,,,,,080055,KUBOTA WARRANTY GL M10855,,N,0,
M,CHALKIADAKIS,CHARIDIMOS,,,,,,WM53278,W,W,C,S,20260316,03/16/2026,44,20260422,04/22/2026,38,7,PAT,SOLD BY PAT,WARRANTY 37798,0,0,0,0,,,,20260316,03/16/2026,20260316,03/16/2026,37,0,2.81,2.81,00,TORO,TORO,37798,37798,420178759,0,20,,,,,,,,,,080100,TORO LAWNBOY ( WARRANTY),,N,0,
S,ONTARIO PLANTS PROPAGATION,,LTD.,,,,,WS19934,W,W,O,R,20260316,03/16/2026,44,0,,0,0,STEW,SOLD BY STEWART BROOKS,WARRANTY M7060,1280.39,13746.68,1232.55,16259.62,,,,20260316,03/16/2026,20260427,04/27/2026,0,0,71.56,71.56,00,KUBOTA,KUBOTA,M7060HDCC,M7060HDCC12,KBUMFCDCCK8F81268,1984,2019,S,65849,,KUBOTA,KUBOTA,M7060HDCC,M7060HDCC12,TRACTOR,KBUMFCDCCK8F81268,080055,KUBOTA WARRANTY GL M10855,,N,0,
S,STRICKLER PROP MAINT,,,,,,,WS19935,W,W,O,S,20260316,03/16/2026,44,0,,0,0,ADAM,SOLD BY ADAM MASON,M4D WARRANTY,3106.87,0,203.4,3310.27,,,,0,,0,,0,0,0,0,00,KUBOTA,KUBOTA,M4D,M4D,KBUM3CDCVP8A16009,0,2023,S,83500,,KUBOTA,KUBOTA,M4D,M4D,TRACTOR,KBUM3CDCVP8A16009,080055,KUBOTA WARRANTY GL M10855,,N,0,
M,DARSAUT,HEATHER,,,,,,WM53292,W,W,C,S,20260317,03/17/2026,43,20260321,03/21/2026,5,39,AVB,ANDREW VAN BOMMEL,WARRANTY SH56C,0,0,0,0,,,,20260320,03/20/2026,20260320,03/20/2026,1,3,0.38,0.38,01,STIHL,STIHL,SH56C,SH56C,536758001,0,2024,S,88169,,STIHL,STIHL,SH56C,SH56C,VAC N MULCH,536758001,080700,STIHL WARRANTY,,N,0,
S,,,,KUBOTA,RCK60B23BX,DECK,D6641,WS19939,W,W,C,R,20260317,03/17/2026,43,20260320,03/20/2026,4,40,STEVE,SOLD BY STEVE,WARRANTY,0,0,0,0,,,,0,,0,,0,0,0,0,00,KUBOTA,KUBOTA,RCK60B23B,RCK60B23BX,D6641,0,2026,,,,,,,,,,080055,KUBOTA WARRANTY GL M10855,,N,0,
S,UNGER,KEVIN,,,,,,WS19946,W,W,C,R,20260318,03/18/2026,42,20260327,03/27/2026,10,33,STEW,SOLD BY STEWART BROOKS,WARRANTY,0,0,0,0,,,,20260319,03/19/2026,20260323,03/23/2026,4,1,6.06,5.73,00,KUBOTA,KUBOTA,LX3310HS1,LX3310HSD,KBUB8BHRPN1J16898,66,2023,S,82788,,KUBOTA,KUBOTA,LX3310HS1,LX3310HSD,TRACTOR,KBUB8BHRPN1J16898,080055,KUBOTA WARRANTY GL M10855,,N,0,
S,JONES,LEONARD,,,,,,WS19952,W,W,C,R,20260319,03/19/2026,41,20260409,04/09/2026,22,20,STEW,SOLD BY STEWART BROOKS,WARRANTY -X900W,0,0,0,0,,,,20260324,03/24/2026,20260324,03/24/2026,16,5,1.98,1.2,00,KUBOTA,KUBOTA,RTV-X900W,RTV-X900W,A5KB2FDBEMG066603,553.9,2021,S,75011,,KUBOTA,KUBOTA,RTV-X900W,RTV-X900W,RTV,A5KB2FDBEMG066603,080055,KUBOTA WARRANTY GL M10855,,N,0,
M,CARTIER,JACKIE,,,,,,WM53356,W,W,C,S,20260323,03/23/2026,37,20260407,04/07/2026,16,22,BD,BILL DENISON,WARRANTY GR2120,0,0,0,0,,,,20260323,03/23/2026,20260324,03/24/2026,14,0,3.53,3.53,01,KUBOTA,KUBOTA,GR2120-25,GR2120-2-54,KBGCDAE0JRGB46270,99.8,2024,S,87239,,KUBOTA,KUBOTA,GR2120-25,GR2120-2-54,TRACTOR,KBGCDAE0JRGB46270,080055,KUBOTA WARRANTY GL M10855,,N,0,
M,ADVANCE LANDSCAPING CO.,,,,,,,WM53373,W,W,O,R,20260323,03/23/2026,37,0,,0,0,BD,BILL DENISON,WARRANTY SCL1000,637.38,0,0,637.38,,,,0,,0,,0,0,0,0,01,KUBOTA,KUBOTA,SCL1000,SCL1000,KBXLCA1C9NLC11140,0,2022,S,78721,,KUBOTA,KUBOTA,SCL1000,SCL1000,LOADER,KBXLCA1C9NLC11140,080055,KUBOTA WARRANTY GL M10855,,N,0,
S,BRAATZ,EVAN,,,,,,WS19981,W,W,C,S,20260324,03/24/2026,36,20260416,04/16/2026,24,13,STEW,SOLD BY STEWART BROOKS,WARRANTY L3901,0,0,0,0,,,,20260413,04/13/2026,20260413,04/13/2026,3,20,1.75,1,00,KUBOTA,KUBOTA,L3901HSTR,L3901HSTRC,KBUL4BHRCMJLA0804,75,2021,S,76636,,KUBOTA,KUBOTA,L3901HSTR,L3901HSTRC,TRACTOR,KBUL4BHRCMJLA0804,080055,KUBOTA WARRANTY GL M10855,,N,0,
S,,,,KUBOTA,SVL65-2,SKIDSTEER,KBCZ021CJRLD34842,WS19999,W,W,O,R,20260327,03/27/2026,33,0,,0,0,STEW,SOLD BY STEWART BROOKS,WARRANTY SVL65-2,144.54,117.35,35.29,297.18,,,,20260428,04/28/2026,20260428,04/28/2026,0,32,0.67,0.67,00,KUBOTA,KUBOTA,SVL65-2,SVL65-2,KBCZ021CJRLD34842,0,2024,,,,,,,,,,080055,KUBOTA WARRANTY GL M10855,,N,0,
S,UNGER,KEVIN,,,,,,WS20004,W,W,O,R,20260327,03/27/2026,33,0,,0,0,STEVE,SOLD BY STEVE,WARRANTY LX3310,512.61,2791.21,0,3303.83,,,,20260330,03/30/2026,20260410,04/10/2026,0,3,14.53,14.53,01,KUBOTA,KUBOTA,LX3310HS1,LX3310HSD,KBUB8BHRPN1J16898,67,2023,S,82788,,KUBOTA,KUBOTA,LX3310HS1,LX3310HSD,TRACTOR,KBUB8BHRPN1J16898,080055,KUBOTA WARRANTY GL M10855,,N,0,
S,,,,KUBOTA,GR2020G3-48,TRACTOR,KBGCGAB0CTGA51146,WS20006,W,W,C,R,20260327,03/27/2026,33,20260427,04/27/2026,32,2,STEVE,SOLD BY STEVE,WARRANTY GR2020G,0,0,0,0,,,,20260328,03/28/2026,20260402,04/02/2026,25,1,4.16,3.4,00,KUBOTA,KUBOTA,GR2020G3-,GR2020G3-48,KBGCGAB0CTGA51146,0.7,2026,,,,,,,,,,080055,KUBOTA WARRANTY GL M10855,,N,0,
S,,,,KUBOTA,SVL65-2,SKIDSTEER,KBCZ021CPSLH39778,WS20013,W,W,O,R,20260330,03/30/2026,30,0,,0,0,ADAM,SOLD BY ADAM MASON,WARRANTY SVL65-2,0,0,0,0,,,,0,,0,,0,0,0,0,00,KUBOTA,KUBOTA,SVL65-2,SVL65-2,KBCZ021CPSLH39778,0,2025,,,,,,,,,,080055,KUBOTA WARRANTY GL M10855,,N,0,
M,FIELDSTONE LANDSCAPING,,,,,,,WM53445,W,W,O,R,20260331,03/31/2026,29,0,,0,0,BRYAN,SOLD BY BRYAN SMITH,WARRANTY M6-111,372.31,1441.43,0,1813.74,,,,20260331,03/31/2026,20260406,04/06/2026,0,0,7.67,7.67,00,KUBOTA,KUBOTA,M6-111DT1,M6-111DTCC-F-1,KBUMHBPCCR1J30705,186.4,2024,A,05101,INT-M-WARRNATY,,,,,,,080055,KUBOTA WARRANTY GL M10855,,N,0,
S,VANDERVEEN,FRANK,,,,,,WS20034,W,W,O,S,20260402,04/02/2026,27,0,,0,0,STEW,SOLD BY STEWART BROOKS,,1785.83,925.3,197.75,2908.88,,,,20260414,04/14/2026,20260422,04/22/2026,0,12,5.15,5.15,01,KUBOTA,KUBOTA,RTV900T,RTV900T,18845,0,20,S,24222,,KUBOTA,KUBOTA,RTV900T,RTV900T,,18845,080055,KUBOTA WARRANTY GL M10855,,N,0,
M,HURON TRACTOR,,,,,,,WM53476,W,W,O,R,20260402,04/02/2026,27,0,,0,0,BRYAN,SOLD BY BRYAN SMITH,WARRANTY,0,514.19,0,514.19,,,,20260409,04/09/2026,20260416,04/16/2026,0,7,3.38,3.38,00,GREENWORK,GREENWORKS,GWC760R,GWC760R,GWB0680048,0,20,,,,,,,,,,090200,MISCELLANCE WARRANTY,,N,0,
M,HICKEY,JAMES,,,,,,WM53493,W,W,O,S,20260406,04/06/2026,23,0,,0,0,BRYAN,SOLD BY BRYAN SMITH,WARRANTY BR600,519.31,463.3,0,982.61,,,,20260408,04/08/2026,20260415,04/15/2026,0,2,3.28,3.28,00,STIHL,STIHL,BR600,BR600,539341773,0,2024,S,86460,,STIHL,STIHL,BR600,BR600,BLOWER,539341773,080700,STIHL WARRANTY,,N,0,
S,RICHER,GARY,,,,,,WS20049,W,W,O,S,20260406,04/06/2026,23,0,,0,0,STEVE,SOLD BY STEVE,WARRANTY FS-KM,141.01,0,0,141.01,,,,0,,0,,0,0,0,0,00,STIHL,STIHL,FS-KM,FS-KM,,0,20,,,,,,,,,,080700,STIHL WARRANTY,,N,0,
S,VAN BREE INFRASTRUCTURE,,FORMALLY C H EXCAVATING 2013,,,,,WS20056,W,W,O,R,20260407,04/07/2026,22,0,,0,0,STEVE,SOLD BY STEVE,WARRANTY SVL75-3,11150.87,5519.03,0,16669.91,,,,20260408,04/08/2026,20260427,04/27/2026,0,1,28.73,28.73,01,KUBOTA,KUBOTA,SVL75-3,SVL75-3,KBCZ053CPP1D10996,0,2023,S,84275,,KUBOTA,KUBOTA,SVL75-3,SVL75-3,SKIDSTEER,KBCZ053CPP1D10996,080055,KUBOTA WARRANTY GL M10855,,N,0,
M,STAPLETON,STEVE,,,,,,WM53505,W,W,O,R,20260408,04/08/2026,21,0,,0,0,AVB,ANDREW VAN BOMMEL,WARRANTY -XG850,-195.12,0,0,-195.12,,,,0,,0,,0,0,0,0,00,KUBOTA,KUBOTA,RTV-XG850,RTV-XG850,10535,168,2018,S,62477,,KUBOTA,KUBOTA,RTV-XG850,RTV-XG850,RTV,10535,080055,KUBOTA WARRANTY GL M10855,,N,0,
S,,,,KUBOTA,SVL75-3,SKIDSTEER,KBCZ053CTS1G44016,WS20058,W,W,C,R,20260408,04/08/2026,21,20260420,04/20/2026,13,9,STEVE,SOLD BY STEVE,WARRANTY SVL75-3,0,0,0,0,,,,20260408,04/08/2026,20260408,04/08/2026,12,0,1.4,1.4,00,KUBOTA,KUBOTA,SVL75-3,SVL75-3,KBCZ053CTS1G44016,1,2025,,,,,,,,,,080055,KUBOTA WARRANTY GL M10855,,N,0,
S,1841628 ONTARIO INC.,,MPM GROUP & MIDDLESEX PAV,,,,,WS20061,W,W,C,R,20260408,04/08/2026,21,20260422,04/22/2026,15,7,STEW,SOLD BY STEWART BROOKS,WARRANTY SVL97-2,0,0,0,0,,,,20260409,04/09/2026,20260409,04/09/2026,13,1,4.23,4.23,00,KUBOTA,KUBOTA,SVL97-2,SVL97-2,KBCZ064CHN1J72367,1878.6,2022,S,81828,,KUBOTA,KUBOTA,SVL97-2,SVL97-2,SKIDSTEER,KBCZ064CHN1J72367,080055,KUBOTA WARRANTY GL M10855,,N,0,
S,,,,KUBOTA,BX23S-1,TRACTOR,KBUC1DHRPSGLC3025,WS20062,W,W,C,R,20260408,04/08/2026,21,20260420,04/20/2026,13,9,STEW,SOLD BY STEWART BROOKS,WARRANTY BX23S-1,0,0,0,0,,,,20260408,04/08/2026,20260408,04/08/2026,12,0,1.29,1.29,00,KUBOTA,KUBOTA,BX23S-1,BX23S-1,KBUC1DHRPSGLC3025,0.7,2025,,,,,,,,,,080055,KUBOTA WARRANTY GL M10855,,N,0,
S,,,,KUBOTA,GF1800-4WR-2,TRACTOR,KBGKDAB0CS6H10814,WS20080,W,W,C,R,20260410,04/10/2026,19,20260420,04/20/2026,11,9,STEVE,SOLD BY STEVE,WARRANTY GF1800,0,0,0,0,,,,0,,0,,0,0,0,0,00,KUBOTA,KUBOTA,GF18004WR,GF1800-4WR-2,KBGKDAB0CS6H10814,0.5,2026,,,,,,,,,,080055,KUBOTA WARRANTY GL M10855,,N,0,
M,VAN HORIKS LANDSCAPING,,,,,,,WM53528,W,W,O,R,20260410,04/10/2026,19,0,,0,0,BRYAN,SOLD BY BRYAN SMITH,WARRANTY - PLOW,15.59,313.58,0,329.17,,,,20260413,04/13/2026,20260413,04/13/2026,0,3,2.22,2.22,01,ARCTIC,ARCTIC,F96P-4-X,F96P-4-X,544340560052,0,2024,S,88446,,ARCTIC,ARCTIC,F96P-4-X,F96P-4-X,BLADE,544340560052,023406,ARCTIC EQUIPMENT WARRANTY,,N,0,
S,REED VERHOEVE FARMS,,,,,,,WS20083,W,W,O,R,20260410,04/10/2026,19,0,,0,0,STEVE,SOLD BY STEVE,WARRANTY M7-174P,1491.55,0,0,1491.55,,,,0,,0,,0,0,0,0,01,KUBOTA,KUBOTA,M7-174P-P,M7-174P-PS,KBTMRHPAKRFJ11204,0,2024,S,88706,,KUBOTA,KUBOTA,M7-174P-P,M7-174P-PS,TRACTOR,KBTMRHPAKRFJ11204,080055,KUBOTA WARRANTY GL M10855,,N,0,
M,1000483480 ONTARIO INC,,ARBUS OUTDOORS,,,,,WM53536,W,W,O,S,20260410,04/10/2026,19,0,,0,0,AVB,ANDREW VAN BOMMEL,WARRANTY C23I,0,0,0,0,,,,0,,0,,0,0,0,0,00,WALKER,WALKER,MC23I,MC23I,187754,226.3,2024,S,86831,,WALKER,WALKER,MC23I,MC23I,TRACTOR,187754,090000,WALKER WARRANTY,,N,0,
M,BRICENO AGUILAR,ROBERTO,,,,,,WM53549,W,W,C,S,20260413,04/13/2026,16,20260428,04/28/2026,16,1,BRYAN,SOLD BY BRYAN SMITH,WARRANTY MS250,0,0,0,0,,,,20260413,04/13/2026,20260413,04/13/2026,15,0,0.63,0.63,00,STIHL,STIHL,MS250,MS250,837284517,0,2024,S,88833,,STIHL,STIHL,MS250,MS250,CHAIN SAW,837284517,080700,STIHL WARRANTY,,N,0,
M,TOP NOTCH TREE SERVICE,,,,,,,WM53552,W,W,R,R,20260413,04/13/2026,16,20260414,04/14/2026,2,15,BRYAN,SOLD BY BRYAN SMITH,WARRANTY-BATTERY,0,0,0,0,,,,0,,0,,0,0,0,0,00,STIHL,STIHL,AP500S,AP500S,549595945,0,20,,,,,,,,,,080700,STIHL WARRANTY,,N,0,
M,TOP NOTCH TREE SERVICE,,,,,,,WM53553,W,W,O,R,20260413,04/13/2026,16,0,,0,0,BRYAN,SOLD BY BRYAN SMITH,WARRANTY - BATTE,0,0,0,0,,,,0,,0,,0,0,0,0,00,STIHL,STIHL,AP500S,AP500S,549595930,0,20,,,,,,,,,,080700,STIHL WARRANTY,,N,0,
M,TOP NOTCH TREE SERVICE,,,,,,,WM53554,W,W,O,R,20260413,04/13/2026,16,0,,0,0,BRYAN,SOLD BY BRYAN SMITH,WARRANTY-BATTERY,0,0,0,0,,,,0,,0,,0,0,0,0,00,STIHL,STIHL,AP500S,AP500S,549595944,0,20,,,,,,,,,,080700,STIHL WARRANTY,,N,0,
M,ARC-1 WELDING SUPPLIES,ARC-1 WELDING SUPPLIES,,,,,,WM53559,W,W,O,S,20260413,04/13/2026,16,0,,0,0,BRYAN,SOLD BY BRYAN SMITH,WARRANTY-ARC WLD,15.31,943.55,0,958.86,,,,20260414,04/14/2026,20260422,04/22/2026,0,1,6.68,6.68,00,KOHLER,KOHLER,CH730,CH730,5516213323,129.9,20,,,,,,,,,,090200,MISCELLANCE WARRANTY,,N,0,
S,TOWN OF AYLMER,,,,,,,WS20122,W,W,O,R,20260415,04/15/2026,14,0,,0,0,STEW,SOLD BY STEWART BROOKS,MK WARRANTY,0,604.55,2275.85,2880.4,,,,20260420,04/20/2026,20260420,04/20/2026,0,5,4.28,4.28,00,,,,,,1892,20,,,,,,,,,,090200,MISCELLANCE WARRANTY,,N,0,
M,,,,STIHL,RZ560K,ZEROTURN,935064591,WM53590,W,W,O,R,20260415,04/15/2026,14,0,,0,0,BRYAN,SOLD BY BRYAN SMITH,WARRANTY-GRENIER,18.07,0,0,18.07,,,,0,,0,,0,0,0,0,00,STIHL,STIHL,RZ560K,RZ560K,935064591,0,2024,,,,,,,,,,080700,STIHL WARRANTY,,N,0,
S,CHESTERFIELD,JAMES,,,,,,WS20125,W,W,O,R,20260415,04/15/2026,14,0,,0,0,STEW,SOLD BY STEWART BROOKS,WARRANTY U17-5,484.3,595.51,0,1079.81,,,,20260416,04/16/2026,20260417,04/17/2026,0,1,3.1,3.1,00,KUBOTA,KUBOTA,U17-5,U17-5,KBCAZ26CVS3A10567,0,2025,S,90906,,KUBOTA,KUBOTA,U17-5,U17-5,EXCAVATOR,KBCAZ26CVS3A10567,080055,KUBOTA WARRANTY GL M10855,,N,0,
M,TANNER,JEFF,,,,,,WM53601,W,W,O,S,20260416,04/16/2026,13,0,,0,0,BRYAN,SOLD BY BRYAN SMITH,GENERAC,0,85.77,0,85.77,,,,20260416,04/16/2026,20260416,04/16/2026,0,0,0.66,0.66,00,GENERAC,GENERAC,0057933,0057933,8161287C,0,20,A,05101,INT-M-WARRNATY,,,,,,,090200,MISCELLANCE WARRANTY,,N,0,
S,,,,TORO,21565,WALKBEHIND,418219397,WS20129,W,W,O,R,20260416,04/16/2026,13,0,,0,0,STEVE,SOLD BY STEVE,WARRANTY 21565,38.04,81.93,0,119.96,,,,20260416,04/16/2026,20260416,04/16/2026,0,0,0.58,0.58,00,TORO,TORO,21565,21565,418219397,0,2025,,,,,,,,,,080100,TORO LAWNBOY ( WARRANTY),,N,0,
S,,,,TORO,21485,WALKBEHIND,419094173,WS20130,W,W,O,R,20260416,04/16/2026,13,0,,0,0,STEVE,SOLD BY STEVE,WARRANTY 21485,19.02,62.15,0,81.17,,,,20260416,04/16/2026,20260416,04/16/2026,0,0,0.44,0.44,00,TORO,TORO,21485,21485,419094173,0,2026,,,,,,,,,,080100,TORO LAWNBOY ( WARRANTY),,N,0,
S,,,,KUBOTA,GR2120-2-48,TRACTOR,KBGCDAE0TSGH48233,WS20131,W,W,C,R,20260416,04/16/2026,13,20260422,04/22/2026,7,7,STEW,SOLD BY STEWART BROOKS,STOP SALE BULLET,0,0,0,0,,,,20260421,04/21/2026,20260421,04/21/2026,1,5,0.33,0.5,00,KUBOTA,KUBOTA,GR2120-2-,GR2120-2-48,KBGCDAE0TSGH48233,0,2025,,,,,,,,,,080055,KUBOTA WARRANTY GL M10855,,N,0,
S,NETHERCOTT EXCAVATING INC,,,,,,,WS20140,W,W,O,S,20260420,04/20/2026,9,0,,0,0,STEVE,SOLD BY STEVE,WARRANTY LX4020,1249.88,735.74,0,1985.62,,,,20260420,04/20/2026,20260421,04/21/2026,0,0,3.83,3.83,01,KUBOTA,KUBOTA,LX4020HSD,LX4020HSDRC,KBUBDBHRJS1K12184,0,2026,S,91852,,KUBOTA,KUBOTA,LX4020HSD,LX4020HSDRC,TRACTOR,KBUBDBHRJS1K12184,080055,KUBOTA WARRANTY GL M10855,,N,0,
S,,,,KUBOTA,LX2620HSD,TRACTOR,KBUBFAHRPS1E16620,WS20143,W,W,O,R,20260420,04/20/2026,9,0,,0,0,STEVE,SOLD BY STEVE,WARRANTY LX2620,76.52,418.78,0,495.3,,,,20260226,02/26/2026,20260226,02/26/2026,0,-53,2.18,2.18,00,KUBOTA,KUBOTA,LX2620HSD,LX2620HSD,KBUBFAHRPS1E16620,0,2025,,,,,,,,,,080055,KUBOTA WARRANTY GL M10855,,N,0,
S,HYDE PARK SALES DEP'T,,,,,,,WS20153,W,W,C,R,20260421,04/21/2026,8,20260427,04/27/2026,7,2,BA,SOLD BY BRIAN APFELBECK,SHORT SHIP,0,0,0,0,,,,0,,0,,0,0,0,0,01,KUBOTA,KUBOTA,BX2814A,BX2814A,22505488,0,2026,S,92245,,KUBOTA,KUBOTA,BX2814A,BX2814A,BROOM,22505488,080055,KUBOTA WARRANTY GL M10855,,N,0,
S,T.W.JOHNSTONE CO. LTD.,,,,,,,WS20164,W,W,O,R,20260421,04/21/2026,8,0,,0,0,STEW,SOLD BY STEWART BROOKS,G008251,0,529.69,0,529.69,,,,20260421,04/21/2026,20260427,04/27/2026,0,0,3.75,3.75,00,GENERAC,GENERAC,G0082512,G0082512,,0,20,,,,,,,,,,090200,MISCELLANCE WARRANTY,,N,0,
S,JIM'S LAWN CARE SERVICE,,JAMES H. WALL,,,,,WS20170,W,W,O,R,20260421,04/21/2026,8,0,,0,0,STEW,SOLD BY STEWART BROOKS,WARRANTY MT23GHS,5.47,803.71,0,809.18,,,,20260422,04/22/2026,20260423,04/23/2026,0,1,5.69,5.69,01,WALKER,WALKER,MT23GHS,MT23GHS,191348,257,2025,S,90117,,WALKER,WALKER,MT23GHS,MT23GHS,TRACTOR,191348,090000,WALKER WARRANTY,,N,0,
M,SOUTHWEST PROPERTY CARE (CARD ONLY!),,,,,,,WM53673,W,W,O,S,20260422,04/22/2026,7,0,,0,0,BRYAN,SOLD BY BRYAN SMITH,TRIMMER,73.19,261.31,0,334.5,,,,20260422,04/22/2026,20260427,04/27/2026,0,0,1.85,1.85,00,STIHL,STIHL,FS94R,FS94R,545891107,0,20,,,,,,,,,,080700,STIHL WARRANTY,,N,0,
M,GARDEN TECHNIQUES,,,,,,,WM53677,W,W,O,R,20260422,04/22/2026,7,0,,0,0,BRYAN,SOLD BY BRYAN SMITH,WARRANTY FS91R,43.38,0,0,43.38,,,,0,,0,,0,0,0,0,01,STIHL,STIHL,FS91R,FS91R,535254159,0,2023,S,82142,,STIHL,STIHL,FS91R,FS91R,TRIMMER,535254159,080700,STIHL WARRANTY,,N,0,
M,HOOGENDOORN,ALBERT,,,,,,WM53699,W,W,O,S,20260423,04/23/2026,6,0,,0,0,BRYAN,SOLD BY BRYAN SMITH,WARRANTY,1860.82,0,0,1860.82,,,,0,,0,,0,0,0,0,01,KUBOTA,KUBOTA,SVL752HFW,SVL75-2HFWC,KBCZ052CVM1B56664,0,2021,S,73577,,KUBOTA,KUBOTA,SVL752HFW,SVL75-2HFWC,SKIDSTEER,KBCZ052CVM1B56664,080055,KUBOTA WARRANTY GL M10855,,N,0,
M,FIVE POINT EXCAVATING,,,,,,,WM53702,W,W,O,R,20260423,04/23/2026,6,0,,0,0,BRYAN,SOLD BY BRYAN SMITH,WARRANTY SVL75-2,588.41,384.2,0,972.61,,,,20260427,04/27/2026,20260427,04/27/2026,0,4,2,2,01,KUBOTA,KUBOTA,SVL752HW,SVL75-2HWC,KBCZ052CLM1C57108,1337,2021,S,73690,,KUBOTA,KUBOTA,SVL752HW,SVL75-2HWC,SKIDSTEER,KBCZ052CLM1C57108,080055,KUBOTA WARRANTY GL M10855,,N,0,
S,VANSEVENANT,GARY,,,,,,WS20191,W,W,O,S,20260424,04/24/2026,5,0,,0,0,STEVE,SOLD BY STEVE,WARRANTY F2510,153.32,480.25,0,633.57,,,,20260424,04/24/2026,20260424,04/24/2026,0,0,2.5,2.5,01,KUBOTA,KUBOTA,F2510,F2510,KBGKDCF0KS6G10013,0,2025,S,91823,,KUBOTA,KUBOTA,F2510,F2510,,KBGKDCF0KS6G10013,080055,KUBOTA WARRANTY GL M10855,,N,0,
S,WALKER DAIRY INC,,,,,,,WS20195,W,W,O,R,20260424,04/24/2026,5,0,,0,0,STEW,SOLD BY STEWART BROOKS,WARRANTY SSV65,280.27,656.98,192.1,1129.36,,,,20260424,04/24/2026,20260424,04/24/2026,0,0,3.42,3.42,01,KUBOTA,KUBOTA,SSV65,SSV65,KBCZ131CASGJ28102,717,2025,S,91517,,KUBOTA,KUBOTA,SSV65,SSV65,SKIDSTEER,KBCZ131CASGJ28102,080055,KUBOTA WARRANTY GL M10855,,N,0,
S,FINCH,SEAN,,,,,,WS20200,W,W,O,S,20260427,04/27/2026,2,0,,0,0,STEVE,SOLD BY STEVE,WARRANTY LX2620,1709.64,2925.97,0,4635.61,,,,20260427,04/27/2026,20260428,04/28/2026,0,0,15.88,15.88,01,KUBOTA,KUBOTA,LX2620HS1,LX2620HSDCC,KBUBFAHCER1J14923,0,2024,S,88835,,KUBOTA,KUBOTA,LX2620HS1,LX2620HSDCC,CAB TRACTOR,KBUBFAHCER1J14923,080055,KUBOTA WARRANTY GL M10855,,N,0,
M,TALBOT,BRENT,,,,,,WM53751,W,W,O,S,20260427,04/27/2026,2,0,,0,0,AVB,ANDREW VAN BOMMEL,WARRANTY RB200,63.72,0,0,63.72,,,,0,,0,,0,0,0,0,01,STIHL,STIHL,RB200,RB200,996328281,0,2023,S,83339,,STIHL,STIHL,RB200,RB200,WASHER,996328281,080700,STIHL WARRANTY,,N,0,
S,VANOVERLOOP,JULIEN,,,,,,WS20203,W,W,O,S,20260427,04/27/2026,2,0,,0,0,STEW,SOLD BY STEWART BROOKS,WARRANTY Z422KWT,221.66,103.73,0,325.39,,,,20260428,04/28/2026,20260428,04/28/2026,0,1,0.54,0.54,01,KUBOTA,KUBOTA,Z422KWT-6,Z422KWT-60,KBGHGCH0CNGJ29586,0,2022,S,81069,,KUBOTA,KUBOTA,Z422KWT-6,Z422KWT-60,ZERO TURN,KBGHGCH0CNGJ29586,080055,KUBOTA WARRANTY GL M10855,,N,0,
M,RIVERBEND GOLF COMMUNITY,,,,,,,WM53758,W,W,O,R,20260427,04/27/2026,2,0,,0,0,BRYAN,SOLD BY BRYAN SMITH,WARRANTY,2510.27,593.25,0,3103.52,,,,20260428,04/28/2026,20260428,04/28/2026,0,1,4.2,4.2,01,WALKER,WALKER,MT23GHS,MT23GHS,178945,432,2023,S,83208,,WALKER,WALKER,MT23GHS,MT23GHS,TRACTOR,178945,090000,WALKER WARRANTY,,N,0,
M,ARBORSCIENCE TREE SPECIALIST,,INC,,,,,WM53759,W,W,O,S,20260427,04/27/2026,2,0,,0,0,BRYAN,SOLD BY BRYAN SMITH,WARRANTY,0,0,0,0,,,,0,,0,,0,0,0,0,00,KUBOTA,KUBOTA,KX033-4,KX033-4,KBCCZ48CPP3D19703,0,2023,S,84331,,KUBOTA,KUBOTA,KX033-4,KX033-4,EXCAVATOR,KBCCZ48CPP3D19703,080055,KUBOTA WARRANTY GL M10855,,N,0,
S,VOWELL,JASON,,,,,,WS20206,W,W,O,S,20260427,04/27/2026,2,0,,0,0,STEW,SOLD BY STEWART BROOKS,WARRANTY ZD1211,4.8,897.11,0,901.91,,,,20260427,04/27/2026,20260428,04/28/2026,0,0,4.67,4.67,00,KUBOTA,KUBOTA,ZD1211-3-,ZD1211-3-60,KBGGDCA0TNGF53577,397,2022,S,79757,,KUBOTA,KUBOTA,ZD1211-3-,ZD1211-3-60,ZERO TURN,KBGGDCA0TNGF53577,080055,KUBOTA WARRANTY GL M10855,,N,0,
M,J.B ENTERPRISES CORP,,,,,,,WM53771,W,W,O,S,20260428,04/28/2026,1,0,,0,0,BD,BILL DENISON,WARRANTY-M6-131,0,0,0,0,,,,0,,0,,0,0,0,0,01,KUBOTA,KUBOTA,M6-131DTC,M6-131DTCC-F,KBUMHDPCPN1A11797,0,2023,S,85535,,KUBOTA,KUBOTA,M6-131DTC,M6-131DTCC-F,TRACTOR,KBUMHDPCPN1A11797,080055,KUBOTA WARRANTY GL M10855,,N,0,
